user_id,ad_clicked,attention,log_id
mbvltjdmhbjug3jcjf6310ugs5,0,4,20180624190554
0gji5rrl52352r65pcsaa0s5d1,0,1,20180619212323
0g17t9n4oaiqbm3kig5bm0vp83,0,2,20180118225012
n7l2cc37bvka10uru4dep8s055,1,5,20170425141540
d79aslas41chaom3f0g36oete1,0,4,20170402020004
fcggr26d9ohgdn9s8ml6kij782,0,2,20170314151811
4dlc2pejnf86d8ch7qvsuknuk4,0,1,20170313184736
p708ifkndshrcq2lgir4hvi531,0,2,20170214143716
037em0r7ku12ltcsqrntvksr47,0,2,20170212221146
rgu9q2adcc0imef6e3lrt35r84,0,3,20161229181138
1gnpmd3n1q4142ourtth431122,0,4,20161226022925
98b16dd9jglqfpqc6bvn3874k4,0,2,20161224015311
j9phgv9lucvu707e1324qg9dg0,0,5,20180623103801
o3aeri3bv1ocd40qn2b7ltjjd0,1,4,20180126104700
jtt18nmmv53lo9upermc6c76a7,0,4,20170402223309
apmvjafbc3lu2drvbhhpd0pp72,0,2,20170226193240
oh9p7t5ul5pi9875k2r082jfv2,0,4,20170211003744
7dpncb0oi8i4jdpuk2agilbqf0,0,4,20170210173101
pid307fusfjko5haktnljc1016,0,1,20170208014109
ib5e0mdqj7n5e7m6ajts0s2fc5,0,4,20170207141707
r46g79d31qu6mhn0jl39985386,0,3,20170205064337
5bgs3kfo6ded8m6p240iffn1i0,1,5,20170203235351
umhncl7j24njh5j68i3j1qa2g4,1,5,20170201232934
miulgkc86q43ouv7hfgclg2qk7,0,2,20170201224632
mbik88nftgqm1044r6et0i63t5,0,5,20161225035255
gchtvn08tnqn2cp1dkl68n27t5,0,5,20180512192118
tjpe10p9g8hj7r2semlldcrim3,0,5,20180511174907
k8gr7ocb7l73r03mrk0qvsfth7,0,2,20180126193708
lhkdhalleru7saos4k5bfeudf5,0,2,20180119052148
7602ltg6ejm82utt0r340uikn5,0,4,20170408225651
1c582v22o46b1j1h8psp5a2v16,0,5,20170407043355
u7mdjur4q7d30fcolkj2t85r92,0,2,20170315180855
lsvj0oh4s9pr75i26j8trbtnb1,0,5,20170220080626
vjiccjuk0c9ftku2lhiqe05hc2,1,5,20170214144956
i7jsmvv2ii6v8cr7hbear6bbl6,0,1,20170212192213
m099426pqd834kamjakfp14sf2,1,5,20170210233458
qb52gcdoot0h3mjheea09bgrr1,0,4,20170201010825
bslnfd09s88h9u6ffjm69qno83,0,4,20170131135638
vhaeh2nd9soafhr33hfhbc7f31,1,5,20161231015802
3kmte436j9c6n2v9n4p6kke8p0,0,1,20180626145318
b7o7ptedv542joq349aag7plo7,0,2,20170308150132
vt7a4uktmf9pg6v34g1b81vsd3,0,4,20170212160822
9t70q2j4dk1964vjd4p7hkdtt1,0,1,20170210202843
k4bbj9i5ji3ejf9td9vq0mhv64,1,4,20170206134122
spktq32s85dsv4d77r99bn05q2,0,5,20170202165348
c3volsp57lb46m2utd1np0pfo7,0,4,20170101160359
m96m05bqvlspj557hqvsorm8k1,0,2,20161222195317
e4o3ihbmr9l5b0v268519kq4i5,1,2,20180622050827
ppbarcrb3a9cmseeq1htid46t3,0,5,20180118185700
5komhrca8g5rkftg7ic7he55c0,1,5,20180118172330
s0heemeaceefpf5fi789unn273,0,4,20180118170225
706ij8trbol08d7743v90n99t5,1,4,20170425123157
lo4r9rue3r3k485cakoka9biq7,0,2,20170318095544
4a66o9ptrokkjemovtrr8aagc7,0,2,20170224143353
5q8257kacecaobin36su20npt1,0,5,20170219181122
is4116hkbnvi68cns587ulfdg6,0,2,20170216191031
svfikhps7bcun80uoqplejel97,0,2,20170211043537
b9f6sehon29ldr7sjmktnlp9e1,0,4,20170210144612
2s6vvgi4dv39tlfnfnpvcl6611,0,4,20170204192850
qcqo9327s609lbn96opdsa9c65,1,3,20170203093915
skfnlcpabj8m33v7b4imqo42g1,1,4,20170131192620
3isi12jmj046nagaepr8qjgm63,0,1,20170131150415
j25njapljcob43qrg1cfnsg452,0,4,20161219223751
hlddaqcvald6lrp5si6q8mp985,1,4,20180126013722
ftbt7dopqkf0ia7o4a4gsh3ds0,1,2,20180118143610
ktaa7poinblv3beqj0urd1el30,0,1,20170425192832
ddeer4sh3usukg8uo03vp379h6,0,5,20170402194809
9ee2f8j4s94t0sadqpak8j5u67,0,5,20170322031214
dt4llgal56m7v06u4tp0je90o4,0,4,20170308020531
9b62rnq8spplmrsv7trfpkt9f1,0,1,20170225220009
uikl74erfskba4vhaomvbdecm5,1,4,20170210171732
6p08b0dvsk1jrsjvv8j5eeta87,1,4,20170207193829
cmoo9umop6jffecjps7l3j6i67,0,2,20170202030946
p68s20u6qjcpmpcga2udslilr0,1,5,20170131145221
ti4uaqkla1d1s7orqh1ch2q064,0,5,20170104162934
q8m4igtqqeh8f6c8sou6f9va57,0,4,20170101163258
2mg50fvt0i80b7k6qik7l3llm5,1,5,20161230232733
jstb4qbqt1mi6ma1vet7mo0ls7,0,4,20161228024530
4usfhv69n2140te7jksu1uck57,0,2,20161227212638
gts0e92dme587flfem529g8sj3,0,4,20161227160116
k5mfcf0n6aa62a2u2n2ce5q2l2,0,5,20180126090034
gk56gcs8vfcfsqj3jcsk0vs3f5,0,1,20180118212515
18446cf0nujv3mlm548bhkqte6,0,1,20170406154524
ic19melf31vgimqu25ng02tim3,1,5,20170402185652
ln5qv29mqfgsforcrvf6a3hg00,1,5,20170320154504
9uuvghb9f9iadivpvb5h01q9s0,0,2,20170223110454
e35t4a33nn8okjic4fggdjiv30,0,5,20170223081630
dt6eo48homr1plbuomj6m0shu5,1,4,20170222190241
cumcck2p0naftoj4vrjcp0qju3,0,4,20170218122724
q112rin3emee407r035o9aelv4,0,3,20170214141951
eosnp4861c1kubegh043gj9jg2,1,2,20170210133801
n3r0qj7pnb1snl2td6u7cec095,0,4,20170207150000
bi921jbm70gnq60g0aer2vbud5,1,5,20170106171628
q6qdje4r93up9g31tbjn4q4si1,0,4,20161231223318
cp9jmpv39h4ibg82nsn2hvk3l4,0,1,20161222002647
t2lmktl0vs770t8h4dlb1mco44,0,4,20180621174053
cir4sfuohnsao8hcb6e6h5udp1,0,4,20180119024509
ugumc135k4m5h0ct1jov6f85e3,0,3,20170307102307
onm613lo8qapg4hhodu4qps535,1,4,20170303053833
9sj3kcp4gjfeend548oheg32t2,0,4,20170223070745
uinksoelcj369osp3rdvanab12,0,4,20170213194520
5figg4v50hk74v228hcd4o1a31,0,1,20170212140208
atv1uslmj1602g2qk2615h03d5,0,5,20170210174128
32mba6bsdad71j55s64mkfbgt0,0,2,20170208201459
ol5s50pplshckrf7f40slb2mf1,0,2,20170206030507
i38opsi6nij3v5tpln2b1bsjo2,0,5,20170131231723
5mfc99nr2amlnr4i3unfg18322,0,2,20170102214354
ns8mdu8rfl3tck1u46hjk96mb2,0,5,20161222194401
49bv149potesm71vr18nel4b95,0,3,20161221160838
6uapgmmsm83se2gaqh83soj9d1,0,5,20180511225507
ehdoftlvcd3t6h65onuj9u4d30,0,4,20170304221930
csr7c4hs2va69e9ovjicinao90,0,2,20170227191216
3rp1gol4epejkt1g3l4k4a4646,1,5,20170226181409
er7j9red6j1422g7umlr42uu01,0,4,20170212044956
tb3gsrmba2hk81s2f9k9mrvfc1,0,5,20170209101735
hrkqdpeclm5ae9k391snoj5gr1,1,5,20170208220808
nvhsj08rknvh7m3jp44d4f6gv0,1,5,20170206193648
d18440vik8im4e9nhkm85o07r0,0,4,20170206044010
5t2lp0kbmk2g74cf5b40r2qhv5,1,5,20170204231940
v7onfak3gtvvn8vl4uk0cnof33,0,5,20170204081402
0kl9m92fp1r24pvfcv7atdveb3,0,5,20170131171921
mru6j33qn79n9r4al0ee0fivj2,1,5,20170101191615
vj0moe9kvbasgk1sli44o4nko3,1,4,20161221164159
4kdsg8g3m7782kdsei4m7dfb24,0,1,20161220153407
evo59eveg0o9c5ja5jcmvmb982,0,4,20180126015548
scq3jpos77j8v6hit2gkuk74l7,0,1,20180118174037
8k94prc8vru3usqn1lr9pfr014,1,2,20170425183255
cp7kqp090fr0gr7j0vm26sdp02,0,2,20170425145412
stu6l47e4ngbd6meetvmdq7v51,1,3,20170425142333
agc1th5t1i9rrnpnjj7uu71q81,1,3,20170408041221
udmn8f2gt6i6n8ukfemph5cm84,0,4,20170314000804
rdi47m4cfv92tq4v7sn4jef277,0,4,20170220072213
lsa0sahhgajpuu81uvslojbn10,0,5,20170219025231
rem1gtr92je1o1uonp13gapv26,0,1,20170213154011
ljvjtv6tp0bd9s35p0ggg483j7,1,5,20170210162900
9c0maa09q82t7udrn1d5nqr674,0,2,20170209051500
1887vuhbmeuj8uh2td3cl6mlq4,0,4,20170206045029
bljodubkermfvrb0qoq7143c06,0,3,20180620002941
pqhbd4m8vcg8qtin7m4sk4tec6,1,5,20180512022928
7qv6phnethpqe39jik3u5ndk50,1,5,20180126152021
hid8dqcbsks8fphdv0s8ho15g3,0,5,20170425155010
3pdrbuf5f71hinmenulr7mfk53,0,4,20170425152012
fe2hi78g9bt186a8m0akheu7f5,0,5,20170313010036
2efv7mokj63jqhqtfa2fb55e55,0,2,20170305182533
77v2m0c17vnr9gsng4a45tpuf5,1,4,20170301094422
paebvv627pesbpvd5laeib47r2,0,5,20170227194129
3dm4ma687491h1ssb07tsat681,0,1,20170226054406
l0m7lh5tpc70a1p5qrhb6gmg11,0,5,20170216005141
mlm6cirl95fv5mqhp50spkgbg2,0,5,20170211173602
g2nll1iu3h9u2rass0p4iinc74,0,1,20170210143743
c9osngtpur9ktbci5b1mruu7k3,1,5,20170207215126
c839bd5f3ms3j9kmi68glos1p0,1,5,20170201205240
b9olfbvebmc13o22lrffois614,0,5,20170103235111
83vlcm8ibtd8eqs1ol04mkvtm2,0,4,20161229202646
k9892i0b93iamla64jh6f86j22,0,5,20161222150151
sm56bvbe3v37rnt7pegj8c3bd1,0,5,20180126115007
be4n3bhnrgulh18e70tkotpoh5,1,5,20180118142514
t7r6ak2jedq1s8et91jqrqdcm1,1,5,20170425140934
2gp0ta1r1647ush7qp0hs1sua3,1,2,20170403023219
03vuliv2fraiffthfn3j2eeqc7,0,2,20170315182009
co1u51arakt93kqnd9obfcnsh4,0,4,20170305124208
n1p8kk2cbb7rd6i6f0safrq0v0,1,4,20170303123053
rhgcn44dpm731t91p51reb6530,1,4,20170213165221
jlm1bkcgkquc28k8n6j5l609d3,0,4,20170205063637
ip6987oboobphig5kv2gvdbam2,0,4,20170203191136
hhcacv690c5pblu5kve9uvq2b4,0,4,20170131213836
4ibvjbia3gb0lv388gb77nq4f3,0,5,20161230010738
lii0vt009eib576995fppi1614,1,3,20161229071205
jpjd6ugrshmcoepvs4mustlcq6,0,4,20161224030727
7vs7bnvjf9ichon0jnuhjo5vp7,0,2,20161222011902
u0k1mrvi9p9c3uq7e085rd2f33,0,3,20170425182924
ro4od84m3fpboe3g4aelod0s26,1,5,20170425124110
67jkiadn0schgp9f19iok8uov3,1,5,20170326180613
unvcs46kmvs90gkpcsahe6go45,0,5,20170319001225
dk4obofgqsie8arj6ms3cfend4,0,5,20170313183943
1m74nmgfvgjda1876cc5bc8c91,0,4,20170309060432
0ra5b4dbo5u5lp4njc8l689sj1,0,1,20170222152650
hcc9to0c9vekvtg83u63hrrhl4,0,4,20170212020414
vdl6g1cbbe5g9ubd1anvkk7203,0,5,20170210120835
mkm6l290okj9rc8d0j945qigk2,1,3,20170208145200
5387mg596mauv0sdia92fsqqj1,0,4,20170202022829
fnppdcc41v0m6517qsdk3o9nd5,0,4,20170201071246
em5lltqku4ftlljionsbhrem72,0,2,20170105230434
iiru85k602e0iaavq9buu3on47,0,5,20161227174244
2nitslq92uh7t7rqtl9jc7jt23,1,5,20161222191017
gtds5v2gu6ba4nbf8ip38018s3,0,5,20180126162231
ogj5h7v2agmgodv6v2e6e64hu1,0,5,20180126091503
6j5r8bu7blsv97g7i6qiv61co7,0,3,20180119005822
acrskr3od8j4vgkr0aktevad03,1,3,20180118135733
h7f1klqqc691esrt394lb9atu2,1,2,20170404115416
r6j2nipa9u3d726pmc07tijkm5,0,5,20170224093115
o9om6ap102up9206qkuo9r5gi3,0,5,20170222235356
9amdomjhed30hsab6ei2muhpb0,0,5,20170220005551
5trbs6i80k5qta7d4ltd46rod4,1,2,20170219165104
3k05nnpt858tjvh8jo4q95vc80,1,4,20170217042632
gihp798ecd7mr00ijrest2anq2,0,5,20170214214354
07logrn9m89ho5jb309rcaaq76,1,5,20170214164933
4ibote16b0v3av40uto1ed5u63,1,5,20170211181038
trf3bif348p2hlgn4ijgkrlt33,1,3,20170211102347
r3fb7fosf6ursv9e5vfhs33uj6,0,4,20170204213108
ifkmq30tqud6pmki3sbup93io4,0,1,20170203022548
qc94ccss0f4e2248sfekd7bt61,0,4,20161231163237
b5cdsltasaf7m4amlhkqf6lju2,0,3,20161224212503
1lgl46pdq1vglkaslobdui73g1,1,1,20161223005515
mpniu61a41hr6dnmerb0oadib7,1,5,20170425201624
brjevq1r7lpk1283rmrkttl917,0,2,20170304051300
a2n9q8a60kqr6vgkekf3fk5ai3,0,5,20170228003854
kfc50ulou3jv6u7j8cnj42e4k0,0,2,20170225182629
3r0ed7jethu604j24qecl7moe0,0,1,20170225025544
cd8l0uaa6p0620qp3nmg0omv22,0,4,20170220205420
q3r1pct7m82qs8ofeh3vtfhub2,0,4,20170214053800
m712ju3mcr6o6ngqk8gn5865a3,1,5,20170213160404
b3pv18s3ng45mnamqb2beir464,1,5,20170213153906
8vpjma3rbftcje1crefkipurl3,0,5,20170209124436
gubr5674p8macnji86768qaio3,0,4,20170205181906
9us60vpdfcp0bt7nqn0i9vj882,0,4,20170201052428
10b89fgqme544r7kbahu95ulu7,0,4,20170131162805
2uv99jrj7tic1t4b2890h9kch1,0,4,20170131124146
kcbgs3oc218sooua5febo6j0o1,0,4,20170104203432
t00ns8acdppsiadng5hc1eit63,1,5,20180126015723
g7qva2tothmss5si1ff8n9i2d7,0,5,20180118214408
kdlsjm58seufq68f0010aivhn2,1,4,20180118214038
ov1avqdj25cf4q399fr8bkthq7,1,3,20180118132158
e67s9djkmv5tmnvneb9la0hr37,0,4,20170425190058
q2onrenbm7cetnni6ivhpc9or7,0,4,20170425164740
n2lg47p2oo0kfo1lp7nthclhi7,0,1,20170303074724
9luh8i9006t9mcifvh6ubn1580,0,4,20170211000204
l9aniv1k84964cksph1rj98vc3,0,5,20161227181940
tkcuiktur407aohscjd33c8e44,0,5,20161224212013
hudpsdcif8ci6eu5prgdfg76p6,1,4,20180118112213
6pd8nrdtvtirv3rjjlf3997kv1,0,1,20170406221746
um536ji2stgb8ie8l9qpkbhe87,0,5,20170225141901
088rdkueig8aakv0oue4a159u4,0,5,20170218032931
72p5816f2gvma18i1dfv9jt9e6,1,5,20170211081847
68e2e8b06u2a0p5n8hk7ng7rt3,1,4,20170211033752
4v879a1i4dehapu9clbunhgk96,1,5,20170207040734
1o2l5a7g688f1go8ps31riund2,0,2,20170204235729
lvse6s4mr0q87t1akvajjsd313,0,4,20170103134751
akdrkqq58h69jfftue3o0k63j1,1,5,20161229184118
olf0kvt3rnsj0k03251l2g6797,0,4,20161226052358
2n7rf7n5i50ifiaqbolab66637,0,4,20170320120626
4aasjvvmsih4vnld54riggctb6,0,5,20170319200156
8jotprl5mkamnic074m27uq1p7,0,1,20170312113150
oltm8jq75qbhv5lmlf41nbbvd2,0,4,20170219194916
9pnml74hpdkk097fnij1etecm6,0,2,20170212162917
vb3j4jgsn3mntkaahhikb4l683,0,5,20170211133223
kcdae0dts4li1k7kkpo1rsmng7,0,2,20170211035552
gr5efqki20jd8l41ls56qqdut7,1,4,20170205054634
f7220sllu13b2isp32muguq5h7,0,2,20170201023621
jsbslqvs630pb5d4del1ptl1s3,1,4,20170131150016
ukr146haa3jtt3f7p7nute2te1,1,5,20170106184125
vh764epvb3onl21b3v2bpgp0p2,0,1,20161223060409
54l619jdmafm3lc022grnbem94,0,5,20180623204734
mhnja7p10omgbqq9fovqrshmk5,0,5,20180118192646
gseesgepsjqp0jtso7dntn10b1,0,2,20170311034236
q8tn20iomvha05v9nfgkaug2q3,0,5,20170301172144
k5ott2m1nh3v2feb1p0dadfgp6,1,4,20170214001751
en8dmrre30g7envscsu2e047k0,0,5,20170211020903
944khgjhldnsud0g7ob3usrdp3,1,5,20170201035028
6lvrgpbefri0bd2u9hi25du7j3,1,5,20170131135948
3i6dhriqlsl1nbopmjihdtg7t3,0,1,20170106000236
5cv3n8vq27vmbbca78mn0odkr2,0,4,20170102023150
j6aullp5fqrbuuc4o6r4khd4h1,0,5,20161225053935
2ojvqghjq65f6dscu1m04lih54,0,4,20161220170624
d0n5ci5r8845gur4tbbsl8nvj3,0,5,20180126084115
f262g7403mcgv1not7v0mtuqp5,0,5,20180119003551
jn96usbcm727utj1daqn4evqn2,0,3,20170321181329
vci2evabtgq0vl1cm9pn8h6u15,0,4,20170314135527
gtil1j1rpscpq1lvanp5oto6o4,1,5,20170227212956
8e129j58htkgd1782ullr2nrs5,0,5,20170227064131
q7dq4faq9s5dtdvmeasv5icmv3,0,5,20170222232934
e46q218i897k9m0c6en3ial3k5,0,5,20170219230142
uhcb8kf7209e8jesmancf7n0d7,0,4,20170213202833
uvqgdevudtjjprgh0pb3oquqk5,0,3,20170212173648
38qp1cscufp0n8rrok4jqc9ac7,1,5,20170209052041
9usi44tnqejhu7n5bn0lptu2l1,0,1,20170206032632
ivht3iedraujrsp52qpt0ijje6,1,5,20170203153333
8cbgnvue35605n0a9s22sgc114,0,5,20170106163321
niev1c57fckn492ubr6fgjbii6,1,5,20170106150917
u7a4131670usst9brp4epppl72,1,4,20161222054809
ljt06cmt88mtne1qikan2987k2,0,1,20180516221234
89rguteih04v5jot4imdpv8t87,1,4,20180126172333
dd5o5v03gq9d36bf9q7913fsh1,0,4,20180118112247
n9k7l5n6743b4scmvleu0qkpr3,0,1,20170313042445
mvv2ulk452sla5b6vf4envv2f6,0,1,20170211163943
4s0e359nitrm3o5gq26fsff8j7,0,3,20170210141144
cvuvff8ml0vqqdh4ar2scbg085,0,4,20170206042528
vljs8sd72d5ae84f1mje5j0ks0,0,5,20170204233646
kda0kraoa6ab6slmvo7l8d2ce7,1,5,20170201212932
7nsolsc9cdcamt6u1sbigag6o2,1,3,20170201113647
uj848bmklvm4g6ibunr41ffo03,0,2,20170131130053
3rcuchlvkd7u626o4k4dgqr8l1,1,4,20170106193745
640e6d1sdv38vg262s8ieitnn5,0,5,20161231072730
jqc8n38o30ctgkt23gddpkbcj6,0,4,20161224041138
s4hlrn7lnlhc0hnrqcuqhu7ir4,0,4,20161222151016
hc1im9fle44no3ffrcjbo8tn17,0,5,20161220174659
7tvjjd938nvmhgauh1aqkgqd62,0,2,20180619201234
22mosbmhc0vngpivt7r3prvtc7,0,2,20170404155434
mh750h9dc0kj8dhvpv3ifbol86,0,4,20170402174635
835ivhtu2ddar88f3l1cl0j0l7,1,2,20170307024606
m2nnseat2m4at5qcn2k4iu4qm1,0,4,20170224042938
ia44d8o3lnm3opgkthjmp1iie3,0,4,20170221173240
ql8sbbnl96sls7hi4dl8ie0do3,0,4,20170217001926
vl66d1t2q7v3ciaoa4qc5aots4,0,4,20170214183515
54ue770avcpasrh4cf6tbkclf7,0,4,20161224131510
6h8gs5hhsghg3k431m9k67gkd5,0,5,20161222071539
0e572sjttucflg3r2u45ubf735,1,5,20170425141235
cm19k4jnsiv5vc6ap00evkj1f5,0,2,20170304121256
4j1hl19g32a1pns9qjeqplths7,0,2,20170227044924
1d5qrn9rts1nio76e0mgn9cur1,0,4,20170226092727
gqksj2ib65kk5f88mn2fq0bq53,0,5,20170223231440
e09cmnahr6aal1sdk7u8lmc9j7,0,5,20170207235508
u0ne2ps0dnfap0g5gsn58odfi7,0,5,20170202152937
822uae7h9r7o1jljtpi6f50g63,1,4,20170202151938
436rvgs650baokovu4en6o3a67,0,5,20170201204314
gb5smv5ramiba2t4l4uiu4add5,0,2,20170131222755
2tqal6mle3logtmjds18v08vv2,0,4,20170131193313
btqqao1dupk6avqng14gg1qri4,1,3,20170131154001
lk3ij6llk9gsfr4oa39prvfnu4,0,2,20170131145935
fnt7ljvv32o0iuf4o4o7h31mn1,1,5,20161229201239
093nnvmtcvrsp85pli3icvlrg6,0,2,20180127013426
49euoi34jhb799dg6dqdi8l2c2,0,2,20180126023538
4e0lmfv6mviqljlv68ss8ivak7,0,2,20180118134342
9evp5b4la3q53ubuc91n90uoo0,0,5,20170425190705
pt8cq14f840m7jhkuq0ba23c64,0,4,20170311202527
l3a5g327ce9f1c918rj3p0cvl2,0,5,20170310200349
7d7lqrmv2lqclu7abgd0q7bdt3,0,2,20170304114551
k3joe90uqtaumfattvcgv9ppj1,0,2,20170303123326
ud9gbeh4cm2n4023j8a0eehj36,0,1,20170227021519
so3q6d3ktjal0cl9phcpsb7cd2,0,5,20170222223400
rccg1954m10a33790m3h3jqse0,0,2,20170131180121
le579gn2jf7j5b6prqm7pfim05,1,5,20170131134842
vfpjkd9hehkhrr86s7thr2leh4,0,4,20170103010808
m0tuhn35appg0vv44ek8uj0kd5,0,4,20161225232627
bi1q9kbg66l5ge6m66h9n5j121,0,5,20180623154445
taov7vbaalo4lu3vsr1knae7e5,0,5,20180620133802
oi9qv8ag8775nmsb70m2v9uit6,0,4,20180509232643
9rcogd2j5c4o3ecen50dbb3ci3,1,4,20180118132444
uodb2ebqtrofg9aird09lh6o32,0,2,20170228192428
u382jh7f6o13gfdm476aps9fi5,1,5,20170218022533
ed4rdgcdd47t7drejh6ur1fln6,0,2,20170212203720
4rs4045kdu08aaeao2q28pduh1,1,3,20170212140338
onsu88j5fmdd2hhperdiif1he0,0,1,20170206054206
pjgd50f7g6unbocf242odbhlj2,0,2,20170131231026
16u791dfh7rdbs8jcnnask3ru1,0,4,20170107021615
v52u93a0ka0va4uct6lh427m11,0,3,20161227035528
s1ubv31is7t5hjp1bki1g16nh1,1,1,20161227022608
fbl8deo60kuhv34p2dfch4qm15,0,4,20161220190055
09eu8bafgefmmd38o6a9jsuks1,0,3,20170303135008
nsd8kic8uanove4241mgn416i6,1,5,20170203151942
92ld0f9gr778h6ncttsc4dhmt6,0,2,20170202012719
9l7phn4d1pusdsqjjbdla30oc6,0,5,20170105033145
nnc9bqca8v0u0tlk3tvse51p83,1,4,20161230075853
rt2pudu4mfsgp9ntkpqn5ubln7,1,5,20161229005934
32jvc91dresjpscmhlmm56ajo5,0,5,20161222005826
ju43ur04s9cbeqq7ue0qt17r62,0,1,20161221023426
fquspodlfh4odsj4j1qrfn73i5,1,4,20180126050731
pr998ccfgopgdmu97l09jpr4v6,0,5,20170425114621
32b2bdfq0rt3loopvk17e9tl40,1,4,20170314160336
gi8mq8o70esar18cco5bu1ite6,0,4,20170228231805
kl9u8u4aac8vc42vrss4eko502,1,5,20170222184750
6b7q4l2d11tk91oltmc8857j57,0,3,20170219162554
4jf5kr5mohg1o97dlantjfnt76,0,5,20170216145726
go6tukhajemcq8j2psrfa91h85,0,5,20170207075756
blrajfk13ldk491fhmhqgefoh4,0,2,20170205151949
bmpbdevm16e8lb46g86t70ke30,1,4,20170205063001
le4tlgf2gbegqgevf1cbjd9eb0,1,4,20170203150101
b27kf6g3lec5b20tb941llg7b5,0,5,20170202012119
73gjnkrfthrcu64mhk2upi3as7,0,1,20170201233856
l3tr1mgs5klh84vrpjc3938s57,0,3,20170131130303
em1610qlvlr9p6gcv5keflq0f4,1,5,20161231043959
g1flb8t5e3q8vdg7o85b4rs533,0,1,20161228025545
b3291nhusjlvsqpc5eokuvv401,1,5,20161226160121
eblf4vhb6lk229taavquik9k67,0,4,20161224115515
n21dbkp7ci1tf9b8knlnn3ba33,1,4,20161221120547
3ki13cdve66trmc13bp4h1t0l5,1,4,20180511082159
rlobaktjnl70nisc5815u8tua2,0,5,20180126123152
js2591c7rfmo6u1ja7n1sv1d26,1,3,20180118133529
ecqqj2846n3kivtklhkdtug2q5,0,4,20170321022059
ook21q5s3lvnvgsjq75h9c9lc6,0,4,20170313224213
qgkg2bqflqgcm3jer56phm06j0,0,4,20170301172454
otaoh256lnsb1a0c9sfh95r2k0,1,4,20170301160301
dcqposur18j32ncuavreakmn85,1,5,20170224144406
4u7ej7ep6etaf38r1hs780fd02,0,4,20170213210031
4f06ru04nsjtmrc1n7q3tjtom5,1,5,20170211072012
tlpv1a2v29o70effq0c083nu56,0,4,20170210205544
ljnau5h8g30cn0vb07ib6nmli1,1,5,20170210193028
aprqk21dglohvf4casa9eu4tr6,0,2,20170210135720
soph5q6nmjd6fshtntluf8hor5,1,5,20170131235138
bprcd0jmf87gt4dqj8adffqd26,1,5,20161230223822
932aaq3semu1l1qfhu4kccirr0,0,4,20180623215136
om930091abjnu5nsg9hdqk84e3,0,4,20180621031757
vt9tjbrf0uvq0f3pi4nf71p274,0,4,20180126011911
mfkv8k1i63c4jhrhtq9hjp9n42,1,3,20180118140821
n83gjvlpdeu9dqmur091873tg7,0,4,20170331213812
83vvklf5hka5701gq8066feer4,0,3,20170313062726
5elvur049jmn114hi1lnouqcu0,0,5,20170228232818
0p76qq0p14s9nj5svfg6usn490,1,4,20170227225954
h4qnov8d0ba01jj47dhhd683m7,0,4,20170211165139
4dtjkt1mrfq8sagispiupcuca5,0,5,20170211010419
i04dsa7og0i889fpab4thoau71,0,4,20170210193900
ou78nd27r3dalpfv3r7kjjfpc0,0,5,20170210143726
8sk93nnv8icpprkh64ftpn85t4,0,4,20170203161154
pcgnra0nndlfde5l7mf0mo8892,1,3,20170131161640
36p7ddkd05dop970tpg5mqrr45,0,4,20170105161520
dm7pu07g5u94hvpblonlribt22,0,4,20170101063337
ig5l9mac1du0j2gajtq2i209q1,1,4,20161229200353
bc0cd6augu67ubu41q8b305bb7,1,1,20161228044211
i3bcktjnnvr9j2sjtgjm0dpc21,0,4,20161221005658
me3ddaojp8dua8qri0vat2cji4,0,5,20161220210700
prfhq79aoeabm18c9ie3rfs3g6,1,4,20180118162110
llssnrcchmdcegkks3maumj6g2,1,2,20170331001444
co0hs849i6hpt3n4n9o1hvrfk3,0,4,20170226214016
gq3gb1l7685fuu1b0ec7gr9bm5,1,5,20170211214438
mrdg8t1cl2cf1od9h2jpl2l5q7,0,2,20170211035124
oo4pouovl2gt07qu4t8345ghf3,0,4,20170208175425
vjc51cnfm016rueb6d0m4rua01,1,4,20180126182011
s8of3lvguhj6ott9m5ehiq0ov5,0,5,20170316123146
vc3jelcvb7bqpuvr7agbm3o5l4,1,5,20170313202702
9ml95doo0e55adllhvqlf6lcg3,0,4,20170313041434
sc6kotcdfv8lunrns0su6f1217,0,4,20170310100201
mejpavq59pkfi98cap0vo6q7e5,1,4,20170307080025
ecvmha3fsqr15ekjpkqnu5l6u0,0,4,20170304161820
6slgah03snoqreila29ubkjki3,1,2,20170304040314
a1afolb6ed3emff4nec1139lj6,0,1,20170222123633
fmi637liessholsoq53guno5t4,0,4,20170213190403
asn8112qjote4spnifj2lkiau7,0,4,20170212202909
1g4utfahi75qq72jmnf48rnqg3,0,3,20170212133614
pbrhkq4fku7973sokectmg4715,0,2,20170208160435
fgaog5oatgba70mpso7gc0dcd7,0,1,20170206145708
370sjl18a5kcjgvb0l2frc71c7,0,2,20170206054415
uf6g0a9o7uag2v65muek2kuan3,0,2,20170202172259
16jd50r58do3uq2e3fm04th8k3,0,2,20170107030015
aheaplsa5oekin98alnr9kuej2,0,4,20161223201128
vp2e55l8m6cums4libjeknnpr4,0,5,20180126152435
8ams0csptjlrts1egtae2ekaf3,1,5,20170425192339
ua0chsgkvfap859cpk46gl2a24,0,5,20170425165428
82pt5mdb4l1ic7fgmvkhlrf2k3,0,4,20170402090824
9dn3gukskr5hr36ohvdqv87ib4,0,4,20170322075451
tva8n1glsq40su3aes455hksb2,1,5,20170307081018
j1h7v1c7i77ct1n5sk5b3dv5c6,0,5,20170215220054
2h3antd8imtdtfuvc3kdc36df3,0,2,20170214212553
rf4b9ckjfjnvnr83ginpbig2m0,1,4,20170212140924
fp6ggq7n1u74rtljc7lvks9re0,1,5,20170211064520
iqfdkd1rt4g742gs8dn04lrg06,0,4,20170131173729
j6gosegj7pu6d0g8n3jihnf8h2,1,3,20180119040337
ohu48krvlietdp92324b7k8mp0,0,4,20170425183936
84d87mqqmieptle5gf09c7u091,1,4,20170425180223
k3bhf5ol1apumq5blgu9kf6a36,0,4,20170402084101
fhrvd5m1a9u1sp9dtbla3k6ug0,1,4,20170320154739
a6ko14vll8h3t727j3anksp9r6,0,4,20170222191116
gtcvi6o2g9un670viectanc3g3,0,4,20170212121423
uk0tifiaerdbfapt010bc2i332,0,5,20170210172205
jemprrvtnt7p2ecr4tr653kep5,0,2,20170105234404
hbgaeo2c62ft16o7k3oib5fk95,0,5,20170101213810
0usdkvioeoul8gsgruqlaekmu4,0,4,20161231230013
gjd1ivlqm36mmosf80e2s0qaf2,0,5,20161220224615
pag6bc60iou3f2c1eqlhu7dc53,0,2,20161220222009
kffjv6v085m1trnd81quqlsn81,0,4,20161220191904
l1t25c67jv80o4me1o0o0u66k7,1,4,20180619215756
gmc9jv4tvda0h54ouho2gmll37,0,4,20180118151120
ab4m15ncf0lsfma43993g4alu6,1,4,20180118131031
ghb8fjuc2s8mvptl2e7gcehcu5,0,5,20170425152248
s71vukpm0dt56bng991c01inc0,1,2,20170317094926
mgnf93v4ggbcgqlratlnmoo723,0,4,20170222155502
f3pbt57cftk28aefu3a482qei0,0,1,20170222145118
l95i4n0b8b0puh7pebfqkmml47,1,5,20170221002556
gsdg900d3qui19ripcebcf6sp4,0,5,20170210210509
aed099chfjgas541leclcpkv21,1,5,20170208233738
tel99pifoodo9vh5v27t8mf691,0,5,20170206000752
iq2nbtbpmdlr2ltktfpjb5bt64,0,5,20170103190235
7k3fqd5jj78m3nhqt740vq98u4,0,2,20170102235147
o34bkgvi3e9jkcgi5gkifodo56,0,4,20170102014046
p5d0gb320su9c9kpum8q3t0f53,0,5,20161229174347
arnt0rq5bm4mcl74fhujaqr4m4,1,5,20161227180247
n8p9coulpj69n45211djgfj5m2,0,1,20161221014649
5iigqvfg173mj08d2igvo388p0,1,2,20180509174110
rupdk6gu0nrdccg0m765tuoc30,1,5,20180126153635
dep3jnoldej7u78elhf4n1dgq1,1,4,20170401053435
m1b4roc7as9i9nsc1g6809dej4,0,5,20170324163546
gpkmeumff1gt29p0svr7l8r0p5,1,4,20170317054316
vovjem42oh2velc5vms8psjse6,1,4,20170303012811
1kicq7qs24npjugu9ek7ur2ld2,0,2,20170226174434
6dga9hbqpmkk9r195a6gag9hd0,0,2,20170212104657
aaq2bhmk0m9gqs9rvdg39g5vl6,0,1,20170212093106
7if5eb2phou3oj4c7fj26abhp7,1,4,20170212035701
ml663bu8gkk7iitk9rpapjrbk3,1,4,20170202145520
rmkbugata40cfgh05o8otb5f44,0,1,20161223093644
fsfad1k8h220mpcfbr5cmodbg6,1,4,20180118135030
747ag5h478dc2v7ksivpummrb5,1,4,20170425140709
3va4u3ff14nvjla2mdjr1riaa0,0,2,20170223040114
1svdqjtb7dmiigsg250gknj3u2,0,2,20170222224214
mqtarmv46o9fjo0i1atirj7hf5,1,2,20170219164720
h07ddk1nbj4gsc3japnp0rdtq2,0,4,20170218182044
67e4nlfb6nanp2la9qkts5uie3,0,3,20170214144944
19qv22in63fvnkos9pcdn67gk2,0,5,20170214021916
d4u06lr0tj2arkraj1jachotg6,0,4,20170213195638
uuagm4na9v5fos1q2h99p2hi60,1,4,20170212164816
rn726bngn0pmsduba60mafjj87,0,2,20170203223439
v86su5o7k4l4q58m795cea0fa1,0,1,20170202192709
gulod0rulq0kmjd5cc7avfinr4,1,3,20170131204043
5suulbrr5qa78uco3lc69hv5r2,0,4,20170131192229
8aj0dcd9noksinsfsb6vl7u4e7,0,4,20161231033044
n66q52130hnegtm0cdtnoaohc0,1,4,20180126042857
t23it3geqh69aonlh5jsfr2v43,0,5,20180118232504
v9rag9ujdg15jq64ss5s3k8i57,1,4,20170224191932
r3oug6v5llqdka3vskn2cvspj7,0,4,20170222091028
rccvlkekh5b0ek4f1omuhof2p5,0,4,20170213143627
ngh7v69ipqndtnbc61tddd4i02,1,5,20170211041041
pq442krphcrj23evqe3fgt35j7,0,5,20170209054420
5v3hbqg9pvaru0ap193s4ao215,0,5,20170202035049
g6anj50a9ucm52kc7tontobtv0,0,5,20170101210624
r6euiis4skjjamb4kd7v7n5s73,0,2,20161222190812
ug0jc4abg7ejj3bou7ip531q30,0,4,20180118134448
kd87vjnqgh2jdqffvph2ghtl81,0,2,20170321090933
r7damihfado5fi9kubrr5oddv2,0,1,20170317205725
q22jtue4qshvfl07ooim2cffe3,1,4,20170219171158
e674s3f99iklej0l8h2v0a8ek3,0,4,20170215184227
vn7ime5pg14l42he2s5la9j081,1,5,20170213160848
1mk4f5cni2savisvdb4ktari71,1,5,20170212032617
nmftgvkrhkao3cg6ug653r8vh4,1,5,20170211005134
k8f7umc44jr6foa5njj5brdm63,0,4,20170210152943
9be4ooofrbo9ud2cvpcngn33e3,1,5,20170205073308
4fn5i8qgeba6rtargc4efudu74,0,5,20170203215947
odk41t0borkku5se30o6709106,1,3,20170203143253
9bruepiqqb7ik0fuf1hfqcshn3,1,5,20170106182547
ccjv5fvlb8easru22r5rvaau73,1,2,20161220215106
mh0d0jr0oo98kriolus0ml0591,0,2,20161215173310
dk4ci38s51f80eorc2rs9qia92,0,3,20180118141119
eqbe79vve597svtju8d4t31p21,1,4,20180118140202
alqsnrmi17kd94kin6tq19lf84,0,1,20170313035704
pb896pu1r7uiitpgu7cjumtd36,0,2,20170308123623
hqigs5g78pcc67um4vk50dogu7,0,2,20170307101633
75an1piojtce5mick4lr7ptnc1,0,2,20170305232237
7jc9sb5r2lgtv99rneiv517dg6,0,3,20170219021328
6casienavacdutqtsfs1ob22d4,0,2,20170211205633
1icuao7st35pbo49d7l3vrhtb4,0,5,20170211184531
dljin6rivuvs6p65ci4b8b9oi2,0,2,20170204225823
7dgc1bd1ua6drcf49qo22nt230,0,2,20161228230055
4fi04kmhg2netbkq5n6dssamp2,1,4,20161227071922
iu2eso4jh81ott9q0itogpgps6,1,4,20161224033738
9npd0a20jluq42dv01f8nhl444,1,4,20180516104434
fh3387bfieqoe1c550iqg53i16,0,5,20180126022341
uf35peh5cuftl0n2cp47o5oji2,0,4,20170425171844
09plgk7cdg0a0rt3pu8ifj42s2,0,5,20170425151705
r1i3df47ds3rp6urdsegq675c5,1,4,20170425123601
vimcqlepbp91qmejvbj2i5f7i7,1,4,20170404235536
skrk3smcj0nn9n2j7e2clka2f4,0,1,20170402070913
gm6j082d47jr5f10ol9dmkchr1,0,1,20170304090744
99btv3p2e2jcffmfeb97fq76f2,0,4,20170228172328
k4k68ppkr8h1igfcuasivuva95,0,5,20170210142911
99ed8v93d8qenp12jjhr2uqg44,0,5,20170204032313
51obb911a743cvt8l6nmjjs8i4,1,5,20170131125755
2h21c236bvtiddi19637uef6t4,0,5,20170103170719
g1lp4vbn9u0h5od9r6q6f3lfu3,0,4,20161231152034
nheb6g8euruhod9qotl8ohvrv7,1,5,20161227175141
hno4m6lvqraqqtmv1fi260feb2,1,4,20180509211453
tcfsu88tnso236eh5gaeatvoe4,0,5,20180126161208
oe6efp37t8o3s7usqflu26uka4,0,2,20170305213548
ufihptd1b7p66n8u0mpcs9dhk6,0,4,20170219175158
j0groseo9oagrs4fm65ivtkqv7,0,5,20170211020711
lu1geb9f3u51an6kk3p2l6g332,0,4,20170104190407
g5hlgdqnors62tatd9ls3gcr37,1,5,20161229200729
v8gol79usqsm7j0kasrdhdts92,1,5,20180619233924
tvcjq2gqfbssdujsk42pc7oo35,1,5,20170425142202
aqr7bo4b7mft22ij9ntsdq3r46,0,4,20170327065709
004g9ci1kgoli4esq3moddlk65,0,5,20170313105944
sodqh1b483q1i97r3feaqh99o0,1,2,20170306014805
ne4s2k5aggenv563l3ilfn35j1,1,4,20170303204605
4rvj7fgadudqqiv5ovb7as81j4,0,5,20170227025057
1m9rg70emc5mie4fo17vn2p835,1,5,20170211213142
ctthdnme3c3eepsrsq041p7n42,0,5,20170210233645
2ppug1uhfqhjssclm0q7gslb93,0,4,20170206051252
5eondvu3mo3rc11g3a6rsb10c0,0,1,20170205051222
fhsgku1opju221l6i5q8regck6,0,5,20170203202146
cgofqccncpbdtuhb9q3ujj34h0,0,5,20170131200728
c9q62v7q8h3e3588ccglfse4i2,0,4,20161228011648
tnfbrucfqdid7g7dan04teefj7,0,4,20161226035800
9chfoerck1bql6r3rqfo7v2c95,0,4,20161222011123
ln4eatq48bg3tn67gqudiia624,1,5,20180510223808
10v1jh7mfrq5p9lcbu9m81krq0,1,1,20180126163221
3eujd4s9m97va4ul8bf7h6u4i3,1,4,20180118233703
ffmvslvocl9s72q7962h0kvjs0,0,4,20170406035638
sr8medt02scb8g61u5t0jdnen0,1,4,20170323100054
90so3h2bjjl5gieo77s86hucp2,0,4,20170307155234
q1vn2a7jdmsr1d15g9vv6phl63,0,4,20170226002903
rmu9du00e3nc451g7mnj8etkh4,1,4,20170223192146
puom1onn7f6rhrk49c0nvhdoo5,1,4,20170219155914
mf133g9pcfj5spre8tjq027au2,0,5,20170216191706
2rmcru1p1vrkpoq1rrlofcibc5,0,5,20170213205850
7mho360u4b455ot28hi6ftrhr1,1,4,20170212170948
1u3snuj7q4um7r01jlnnnoe1i1,0,5,20170208054012
ejmjliov8o9m46m7i935uqp9f0,1,4,20170207131721
19ogi5mhg3hod80bkvs2ssn8m3,0,5,20170131171652
v4c428j11pk4iqpl5cu3p15ca6,1,4,20161231032608
uvma9eudkv5tpud027n8it97c4,1,2,20161220172846
i8gmgh4j3ajqnmfk20qoaang54,0,4,20180118134902
baemlughbbe1fjh33sdui6c2m5,0,1,20180118124115
h6j79vp0259sihqgph80pvun42,0,2,20170402234422
uj6t7mfm71j7ftiflg04cqd437,0,3,20170402062853
urjl8jis7s5ilkdimnl8l1ncg0,0,2,20170325154408
3utvf6da0sdc00i4rqbpbgv7l6,0,5,20170309163159
ev23nt60k6uv5rv1clrf78vq44,1,5,20170218130615
fuvsir0mqme1gjdbvur27igbk1,1,5,20170212031950
gfqf24k2ql5n0errrftb6jkih1,0,2,20170203003340
l4bufvhjr4mbt628dqs1t1u460,0,2,20170201004525
j0oh3ebs3hn94ibe450g5sms90,0,1,20170102192947
3su9e2slnhrrdvklvtgh304a01,1,5,20161228054258
oc98mbd3mk06p45dnar8qo3067,0,1,20161227142436
v7qg5rh1v6u02rhhocdtaig843,0,5,20180118200934
p5aps338f50lrbrtkdtioh4ij6,0,4,20170318074357
eedffic7c1pjr63qi5gppvon85,0,2,20170314021909
pfj9h87msg4pmjuve3dmp3lom1,0,2,20170212165242
2tj0sl680lsumlkvq56tic8bh5,1,5,20170211012808
be5va6r4g5d1l2cr3tc4cumjp0,0,4,20170210154710
rntmp0kf5baq80mnoobg9ncga3,0,2,20170206052524
j8b61meen3arkcsi4vglarpv53,1,3,20170205064706
5slujucopkghi7194m61dvr7m6,0,4,20170204171320
s58lmfl3f8dtk0ask6mstk26h1,1,4,20170201061124
mcqd1qoj5g3ffh7jqeib4t93r1,0,5,20170131203530
i8la35d1ea2dn7r7ccscclgqt6,0,5,20170101130707
53fnfjdcjbltl7knipg4belvs1,0,3,20161226144846
ptqk8d9bf6j49c20vppc4eijo5,0,5,20161222194350
de886a9sgpu35jphkthfs455e5,0,4,20161222184648
7q42if8g78sv813g7hujdib6k4,0,5,20180126012226
a8o2eg81k6sj874cvo8ipd4e81,0,3,20180119033039
r6ek972rsf0mah8p21djf312g0,0,2,20170326132635
1e87ipd0rb0dj4p0vk2gc9utc7,0,4,20170325102102
2hfdc7aitrbpb0eqb5j227ofh0,1,1,20170306144245
7rna09m96c3h1v649g0chnibs0,0,4,20170226093301
en9fm395l8o9u9pjcrh9un5gv6,0,2,20170223094236
qisc0ibk9qv5kscmajf3ojd5o1,1,4,20170131132601
98n3phisjn8hcap45oqig6k2q2,0,1,20170105062243
dv1mkpiag51p6ugjhb2n9kb900,1,2,20161230124748
pv7f0j89vi35llj0cu0bk58gk6,1,4,20161222140437
0bt9kesn7ssrcajiiaqvs2hhh3,0,5,20161220163623
r79vp0b4cm4aahos39seof8ei1,0,5,20180627155928
sbnvhj3mkqcocp1ptgkgntqp25,0,4,20180126070423
dvlo1ju8luufbpaia706b8fs17,1,2,20180118140510
tn19kc3k29af4v9u9o5qr6k234,1,4,20170317052426
r3e7aard45e0ccbpdnatttnia0,1,2,20170310200650
uf6v17cq0g7sba9kkm388mgpb2,0,4,20170216080505
b3m99tb12d0ejljk39ddoibd54,0,5,20170216030433
i7use8l7iq5dbjtbphpmfejct6,0,2,20170213174111
l158551j21musvqc5spkppvmb7,0,4,20170210193216
0do44n00r5i6u8as5hltcp29n7,0,5,20170210183506
s7fpu5sbm2rgshe7ubf1rsc206,0,5,20170210155703
jdhmukc4a03mkcl4shm28vbf32,0,1,20170204003836
rhhacfsbdu8bgiit7mauvfbq97,0,4,20161228071615
bi6cf70j4ftvv4l6mu8b09fjr0,0,4,20161225004509
1p8aerq0amtla7ook5786cdhn4,0,1,20161221135250
if73st3s10pj8r5vh4l6pehhi4,1,5,20161221045217
k2v1l2mlg6p9bkke7f6gl2s7b5,0,4,20180622212630
3ba3h459l8caimpku2mcc01nm1,0,5,20180126055850
qva89gp6nkgj1gp5ok9ptc0947,0,4,20180126021105
gqcbl6h651vhqm1l507rs2k120,0,1,20170425203825
fviq1lhhpe38snq0fcq7cumrr4,0,4,20170425195032
87plgs5bm6kat9gu6fq7fgrg90,1,5,20170425142752
ahaklubgeqg2k3lvnela3mnef6,0,5,20170316221320
ffp5ftpn8jnhmf6nc3kn1f67l6,0,5,20170304034700
ifb2hfkl37ci9bmbg00js6vhr7,0,4,20170228023718
v6sfe2vbru84kthppnf5fksjk1,0,5,20170131141826
makfbm0ub4hlb24fvp0qd9eaa3,0,4,20170107031219
10913pmc88cbfovngluguf8q93,1,4,20170106211249
1uthalaedp8v348odcrk9v2vi3,1,4,20180126141123
m78pfkhvfo8kjd1982mudod2t0,0,4,20170321180338
glivbuljncfsm18qf4soja4c37,0,5,20170211195635
921m9op6h5o8e99l1e0oeffs30,0,4,20170211104206
0rttt3uqnujefjta1i6btao3b1,1,5,20170207164058
21ttl9454k2iuimr3und88kt14,1,5,20170205201741
j2fd8ivl16qkthookrsj01dt65,0,2,20170131153312
vcn856jtbuhcm6sqns4elaerr3,0,2,20161221220213
monggdoag0qr2hhcao837h8kk5,0,2,20161221144223
482e3ova2525b4luhtb93f3ud1,0,4,20161220163641
0r2gjqbmvcsjmpriflh6vt8194,0,4,20180626235807
3birb4ral232u2fu0v05ld4mb5,0,2,20180510163301
ii7qv5q15qal2stcpvan00n206,0,2,20180126220841
rnbjmdd1s95ba4ih8oom99qi01,0,1,20180126154153
5u2i8r833psc1lnhh5om7trl96,0,4,20180118134928
t0d3eolhglfmqkg2vuep7t2lh0,0,4,20170405114120
1hnq1b4f1k6fnb9kjsg704v670,0,2,20170401053626
38v29ljgp9u8k34hl1ml4am8u5,1,4,20170315034921
31ddcj6bardr7fekpbs34ijnf1,0,5,20170226162538
o5g1s7i81b7lonhrao25j9nlh3,0,4,20170220212119
5d48tnnul51l64q7heo88nqid3,0,4,20170214195024
3ibe2g0qdrl9qq2dlqq9l2t9c4,1,5,20170213111147
8s5857j2kgpeg7fpb60cvhsu54,0,5,20170211233252
n56n9uddt2g15sjhm6dnrl5vb6,1,4,20170204232108
rv6g29d1al1i529e0mkcg7o1k4,0,2,20170203220033
f0lt616f8vcrhv1t0p1gqr31f3,0,5,20170202003201
oh3ovstf867c9tuefbper4cdp6,0,4,20170107024734
i82ut9me2ri908q9bm8acangn7,0,2,20170103070952
pkinqo5lrohqkbeo4kbp3qf4k1,0,4,20170103021646
5kgkdv0aer9nbevcq1hpqmg380,0,2,20170102210057
dfaoqv8jfqv37b2of87k9t80i4,0,4,20161226132511
d2b5hv7ue7ghkk84s4sbrtl9p4,0,4,20161225035008
v3frdf3qo98dgtk1ilffiqdsj3,1,4,20161221191058
03oof52n2jpeni2k841qppu4r3,0,5,20161220231834
0uqrorm100pud3mumbi81lfrf7,0,1,20161220193926
1bhkr5f09qgpd79959hiakcea3,0,3,20180126122737
fe4ugbgrp4nmod77qekp9kg6s1,0,5,20180126064431
fc2ifb4saf624m2fuf2887lu95,0,3,20180119040611
ja9jsvss0b6gbcklkas3tsigk2,1,4,20180118133540
njs59qt299il6nv0frlbetjdp2,0,2,20180118131933
kn6bh91im376rhb4rl2tg3aom4,0,5,20170425172800
2jn4r1r5b7ufa3atde2dgoa0j3,0,3,20170406213015
rbm3b0vqhmbb359icqglbokk55,0,5,20170320150423
k1l27t17pg3du96naf4vffhjh4,0,4,20170303041913
7r7hebjatk52sjvj3q7u19ssu4,0,1,20170219032421
jcmcgo0gnu8jnl3isut4lod550,1,5,20170216191134
tvjlkdvogfoe380b5lddfsbr75,0,4,20170214060310
qlprvq85lr49fam01i81klioh0,0,2,20170212005014
lscbv5ilgpcmal0u83adkucq74,1,5,20170208025349
sho3j38l993dt26it1jbnl1ud7,0,1,20170131164934
g4deqf3m985f7qe9b7uau6e2n6,1,5,20161231044408
viteb41gufm4qct9ufbcc15k85,0,4,20161224003059
7tkc22j9cohkkaf82uoj4095d7,1,1,20161220155943
4paii1j30gsvundajsvnunq8u2,1,2,20180517022123
lkelqklgue0in56i3guhr1dnh3,0,4,20180126095154
59pe0gjd4huumnoq8phstcc191,0,2,20170425213621
jbplg94dt85vkra9rpcfrv3rk0,0,2,20170331174702
n3h60i4cu6qdgmoonsvmq5c331,0,3,20170303121814
8e4vo7gi51e02b312t0vdl7u54,0,2,20170302184004
rrcgvov0dvqno8mpo7r84k2dd2,0,4,20170213224058
vlqvug5rdtfvsp1v72b1ncjnh0,0,4,20170201033532
mggoutraiq2jdhmk0jmboqa4a0,1,5,20170201004859
24e9um9t3a4sk9laoiqjtp7440,1,2,20161231235259
4sk5ahomc2d6s932e07bq9rb83,0,4,20161227202355
fnmnjsj284l6dhuggpd6n2evh7,1,4,20161226194213
o2racvn04c0erto2h6q20de491,1,4,20170425175331
mp42gv4kf8b4bdba9gslphoit5,0,3,20170325103926
fr6olh8u738gun8vuqs2ufhbs1,0,4,20170225011346
tpttfnrhdqsb7spo1fhfdksfq1,0,5,20170213223500
j4unp015j9jk59819s073smf62,0,2,20170212031828
6tslsfg5k8ggc765o2mvd9k875,1,5,20170211050012
ommm6blo1el5m5it294n8veuc7,0,5,20170211041551
q64lvslrjc8ftahun4ah3b41h6,0,5,20170206020904
8leq5oguncc7q53r373a177io3,0,5,20170203215214
eoa6s7ph37smoptv0v6884g7m7,0,3,20170202225725
6ai17ipehf5lboga4d3n6q0596,0,2,20170131142012
u9o9pe9cfaql6bgsvgeed1p0s2,0,5,20161229150308
3lco7ub1k58u454v64vkcmqat3,0,1,20161225151508
u9d6t06j2cdeff2hpc2h9cmr65,0,4,20180126015529
nh9v5cel9e5okudp5ourmrnle6,0,3,20180118133149
ljko4p8mlg1h99krk6q2g4kh83,0,2,20170425144844
f2bnoegm3q7eof7i66q7bjecr4,0,4,20170406024851
f7jftmurk041feef5264hfmmv3,0,3,20170402070919
r4spb7t537ghtsj6ngg03cgu26,0,4,20170327195452
ga78fpsv9omh6ttcnag9m58kr3,0,5,20170312025352
iac6nn0jpl7d7648c2e7vtkf73,0,4,20170308045344
b6bor0vpcdanratemjvl8mvpa1,0,4,20170307152813
pat6ginbcv4avd3j58l72f31p5,0,5,20170223180525
3nobc3n9vfg7o602ck9ma5f8o6,0,4,20170215235752
dl4mkodnimks3sf7qfhg6h02p1,0,2,20170213130528
ec80hurckj4p1no3pj8iuvvbq0,0,3,20170212170627
00usp2fpf8o4k3a1e4q48n5bl1,1,4,20170210145307
sne8n0sk9l92kuf5lvoe143707,0,5,20170209190258
b688uhlvhicgfg6137nfaompa3,1,4,20170209151747
f400oud3job2bfr99l4cev8c26,1,4,20170131144352
akvb29hamvqgrpaed8u7s6k6q1,1,5,20170105055509
l176vre5ehbcbm0h4b5olf3ot6,1,5,20170102002338
hmt8j5db223bcgqgphda3l7ha6,1,5,20161230011409
5ire41ai8snf1lonpnhhbtlc54,1,4,20161229070146
5m8ou18dhtqvccndbnnbggoh84,1,5,20161223154755
m62laocldmji6bto1ckedf2b04,1,5,20161220181946
0tk1qvk70uhrsms3k51hhfp0i2,0,2,20180118213054
ir9aqk0tde26cucun1nv866ke7,0,5,20170326171758
otg2baf8pvpjs77c93cdfeo666,0,2,20170318153711
f4m3q71p4d08s8onua9o346r86,0,4,20170314015609
d78ff19mbbe5ja7vqqeaq3cd56,0,2,20170307023823
6kvntpgau0718id0k31d6uhqt6,0,4,20170222193100
77e900a8758ddhqblmhb9jabv1,1,4,20170220200247
1btpg37g9q9pr3aujdt7r9h3c5,1,2,20170219163601
f0nevn3ahlor85itqmk1qj4d27,1,5,20170208203749
pclq4sbtmd4tp7hrh6061h6cg0,0,3,20170204193339
kqdb6l2p553g4ig8rj1t7t9vd3,0,5,20170203205022
k06seradt2vsosvg7pvdrvv931,0,5,20170106093537
n3eobvvmp4bf3er0rh3od9ub15,0,4,20170105101840
rqi4spdqg6aomk9clhvbqhhl06,0,5,20161229073811
midf8rdf68nbgkkqnsmc7dvrp2,0,3,20161223012417
cet48aunmhvgo4d1r93kgdam76,1,5,20170425141845
ogq6rvdfgvpvapuhgnc9sepni5,1,4,20170308170334
p2almnblpgn19hnqj9jk09oq77,0,1,20170225003019
l2kl57gep4r4o27gk5goptu7i6,0,5,20170221014815
gvma8qvpdtvp7p75ir88ap8ra5,0,4,20170214144313
9kb9vdf6c92h75j0pmkr671po3,1,5,20170210174814
1ivnc80gnas73sge9uk4q17ju5,0,4,20170205063343
ihh0fl8kinbmknhr3fbaqfvgl6,0,5,20170204183807
ucssnvg6brbeolk2544m87cuu5,0,3,20170202150502
v5a4nc1vthj4etblpoknqgov90,1,3,20170202021346
b1r7ig125a2d7o7n0t7h0e4063,0,1,20170131200850
aufbasv9dpke336qb7kgu2l6p3,0,5,20170107022351
8bu5mbvloapsh5hr7e9cba9mt5,1,3,20170106210549
trfa0h3tfjerq0qe549p79l5v4,0,2,20170104152436
8pbd2ao3vb2ke931ra2ki2mfr7,0,1,20161230062850
h9fdph4pjalqsseleesmj59he2,0,2,20161222020035
doqtumol4p41vomlvf339pjof5,0,5,20161220181518
6lpco4pnc8knijae42acdv85v0,1,5,20180118121134
0m8ddm2jckg39j1nric8jjahb7,1,4,20170401143653
ta2b2fr9i7g7p082dta4elbej3,0,4,20170304175452
bvpllad012k6at4kle53vogq47,0,1,20170302004347
nk5a31btj817cqfembn47q4ko5,0,2,20170225111615
fgboaj0ull2jr3q2ee9q1rq1m4,0,4,20170212160506
2gahv84l4s5u6mirh80ii86or6,0,2,20161223013005
2fq3fhu6r693jl2sdb8fhbd190,1,5,20161214224444
lp3qlatfe6jtu4hd79l7kakof1,0,1,20180621010400
e444haqg6qojcapgdr3q3hu7c2,0,4,20170425175809
mtm3l35bdslfl6b2t166972o72,1,4,20170425142807
1v40q386t7vaumbv8sjal11up3,1,5,20170425122953
f9glvao3iu08986jrfm2dvv2e7,0,4,20170320152357
7ppir39ds6o12ej6k1pviuf221,1,2,20170320151956
g37tmkkt93un51oabg3bn4a2g0,1,4,20170315221927
av5p9illsekqtkf2o1npph70p5,0,2,20170314164843
tmdi1666n2oqdq8o0i6qsasmd0,0,4,20170312171858
876s119ldkhgoums3rivgm92i6,0,2,20170304110841
ul09deg3u2sevkklp7v5n0mut5,0,5,20170215055919
0ihb98tjrfcmeg5ih6k0ui2aj1,1,5,20170210170148
9glvub77brdgi5gurt4pe2jcs2,0,2,20170205165338
uuibgt3m22dcee8kmbd6haht54,0,3,20170204171044
v51ll8eqq3sujevbl5s698akv7,0,5,20170203203339
k733fphhjrdb8bc6hda1qpt5a7,0,4,20170101225729
7mq73k2mo91fmuf6rc30nhg1f3,0,4,20161221142559
16jq7dmf3g5pf4iuhrb1orb9p4,0,4,20180126143816
5cf8h35jmm3nhi0coir0g9ehu3,0,5,20170407011613
6rd6l68103nu2kafj1gbd7tu92,0,4,20170305024532
t2m7bgl0hna1ama61bkambte65,1,5,20170214160052
rd8v8gvfbeacr07nfo9a7oi980,0,3,20170214155428
92fegi7k9kbv10urrhmg5afce2,0,1,20170213165052
393c9g3ofns5kkv4m5ddm1j167,0,5,20170210191600
9dfabrcmsb15ifkrcd6v5tbtl5,0,2,20170206023934
96nhu88vqturkecb3ikd02jer3,1,4,20170204141912
tpmmlq4tn0ab51vg17llc1s7l7,1,4,20170104130334
fe50ik2p1ptrbjfoc16l2j8u10,1,4,20170101190649
36t8g38c7je93agj7sd857uun4,1,4,20161229204116
58ivjeubmso6orgv1b7rf0h6i0,0,4,20161221185048
9thq4i221ei6fifvlb6d22c040,0,2,20161221142645
m89b6qgdnau8lt77ao42n8jun0,0,4,20170425173009
dida13a5ocicgakno74vqt42a6,0,2,20170317171705
s4cib3r1nsodk0ebmmljigh7r5,1,5,20170308162333
tacriu60r4eulalcok022sdp51,0,4,20170303191734
ge5qjjt42sf81v1r47tf9e44o4,0,4,20170220200957
tp30tns4379hbl7ogphcv5ohd4,0,4,20170213040351
7j5gs1ha2re00rtuk940h6ek43,0,3,20170212194425
3nng28kfjp6sr9086joo1vm1u2,0,5,20170210164443
nkncsf2i5esb1hebllq9lga0a1,0,1,20170205185924
mcf9t8tjhs4u5an0j3nrauja13,0,1,20170203032234
lj003os076hin84h8lefivr332,1,3,20170202143739
vnikfu185mi9honk53sa0qih32,0,2,20161224024051
5rhdto3kle22lctorjr4ouqvb4,0,5,20180627181020
i8urvd82mqc053398j2tm222o1,0,1,20180126083817
naade90qc42gunc0ruudp51jf1,0,3,20170326184635
hqsejpgjgatj3lgleuv8dlnm63,0,2,20170226224149
etiu1orebsuk8ur45mcii26s55,1,5,20170220191700
l2f07ks5jnim3famqbn8rq7k65,0,4,20170212143542
ek5e1jdsnhsdkcnubvfhd7j117,1,5,20170211032515
o2udds1sjs3bev5l4vqqlagbc4,0,3,20170210143514
5qo15dv6kcite7hp0nr4h74gr6,1,3,20170205075136
kl5s1f7klm4nfbsa8vi3n04tv7,1,4,20170205072753
jie3drf758318dl91n0aqoajd3,1,5,20170131174127
7krr1oi23sbfqro8eg4n3k0th5,0,4,20170104061559
pfbdc2k84knpnfruv3qhit6pt7,0,4,20161231104451
rr4q50iucrjnm5et3d011mdr02,0,4,20161223092820
upnblpeltlul2vkf0bnopg5jl4,1,4,20180118164512
32fgvhq9v2p2mh11j53m0rtvr1,1,5,20170425140835
ovvg4abkqarbdvvpneik2kmtj2,0,5,20170425135752
nq4rbjf43s92qa8806f859ejt4,0,4,20170327034852
argodbiellgbd7bjo0a06majb0,0,4,20170325200638
05ghf4ejouln8663kgbe2j1nj5,1,3,20170323235857
uq5ueb8vlgh8go5bdmk13c45q3,1,2,20170228170007
uvh8qtqqdds95m8cp3ic33fml2,0,4,20170224105559
rmda9m47ahpb1k9tqe921v7601,0,4,20170215162250
g6ahtu7k00cu38efjufu28pkv1,1,5,20170214160530
clu7t5t9tbgrr8fg1b4afg5fv0,0,1,20170211224118
ir679u8roth6tnh3jir0ml3q92,1,4,20161230033508
j44l1749je32ncs40ebdmtq9o1,0,4,20161227165724
4m4qshs5s73t9aujvb11k5voh3,0,5,20161226160010
df2lhb03872qsdgkr9kel19na3,0,5,20161221212335
ufipbefl8v4vp05k13h27h87v7,1,4,20180513221717
oftds961tb8ide0dqsl2kga3k1,0,5,20170425230917
4cidh0poajtodd8m3jrajdbs56,0,4,20170330005555
8fere2glgscu4m46ip4voa7su0,0,2,20170320133436
h92fmhot4r0c6v0dh9i7oepur2,0,2,20170228053539
2vf3c5jlb3p6ai8mgrfuio66f3,0,5,20170223040338
i7qgthp69qisuduee6pl28cad4,0,4,20170222201643
5dn38ocm3co99sop9mgbfp7pd2,1,5,20170220135138
lpov7o04s7vg119oqmh5h9vqa0,1,5,20170212145531
v412r37ucb62dpiv5re8q0cmf5,0,4,20170211210417
v2v3p6qeandb7hii0o1e1uf091,0,2,20170206082737
trm7317jc8i2tm9dalb7p88dk6,0,4,20170206025736
35avnk5kknuk9h9hirs944ocj4,1,5,20170205164742
qt02embcdt3s96pqv1vf0fs7p5,1,4,20170106024027
bboi3vvvdd5jj5tb19k4mb1ad1,0,5,20161227015305
589a997pir9vrdt3h4rgjiolc7,0,1,20161221062522
9k7e1d73n5reh06p705cgp2ke7,0,2,20161218020519
32n1hokib7pcu08s0tbq3950g3,0,3,20180126133555
ia9odt2p8lopdck549cd3mtqn2,1,4,20180126055722
631mebhu3ste848eo8082d06l7,0,2,20180118152635
95tj7vs27ej3njnufe6m16e8f1,1,5,20170425154248
pfre0am5qh0f62mkg51hn0slm3,0,4,20170313121822
edihbi95njpga1uqjh90tushr6,0,2,20170224175936
i3tcqskq0fj41b32g1ag1rdff3,1,2,20170222190950
ac2vldfjq1hf0bh08gb2j5n4m0,0,2,20170210170418
rdkd4f1g11n7i0hkd1p9ass2r0,0,3,20170202141418
7uel7bv14c9q9rgnqso0pkgpu3,0,1,20170105015207
j64802h73gbcgh53mhivd5e404,0,4,20170102162833
rhlfsjpomrpuslgf65hvd0f1o6,0,4,20161226003715
ltapta8fj71jnod8cbumgqaap6,0,4,20180619191056
9cnv87tch1mfk8qbrj7p3hgo64,1,4,20180126015322
bkhdq9gn5df8ibf1emoes6b2r4,0,4,20180119020513
1l7seup1nnrtcjo0h3gftjq0s6,0,5,20170425231223
mgabjeuu3qdo1jkgjjn9vhq1o6,1,4,20170404154111
mcd32edi7pvrlh9raibh1q4ik3,0,5,20170227181615
6som9mevoaq4r0p5jcpn3ieov7,0,4,20170216212247
daa33no9lludmcql0ou6n48ls7,1,5,20170210214234
b22dic1aecug2gjpr2qets8og0,0,4,20170207134359
2atkp01sk5mmosgoal3m1prmf3,0,4,20170205164939
pih01ffhokg14ej2opksanvql0,1,4,20170201151919
obhf7f8bklqlpuiag12ea4n2j7,0,4,20161222235520
ptqaqouajfcp03duemc15n4be4,0,4,20180619190934
atsh13mh7t3b7c83f5cjm9bas3,1,4,20170403043816
a165a2pue02jlgeraflkqisd17,0,2,20170316051934
uclun9g1kgpeji1i8ag213l177,1,4,20170304023029
dvf4mghmd2p73m9df7vp1jkim3,1,4,20170227212140
q4qnbq53ok08o0gdvtb7gfl3i6,0,4,20170211212357
29tp1ru6phdltv1bbfdujegk85,0,4,20170205193847
kmbc7m140usad9gend707epuf7,0,1,20170203193957
gasr70ulnchi73qimi4sl8egi2,0,5,20170131235731
sh4qk82ki4chg296nmnoqpsdk0,1,5,20161230032831
2j9oqlptmqvs8cm9ju6kgscvf5,0,4,20161224044655
4c7ae9jrhahblapbeuo0b72e70,1,4,20161223011419
8urjghueubpkt89b44512h24j0,0,5,20161223004756
43f7fahbevt6nbr0k21vfc5vj4,0,4,20180118150617
bi4he1d8c4dgeulpn3rtk7vtv2,0,4,20170312012726
tlamqf4dq4bjc9m92lkq10l0b7,0,5,20170309202920
4b5kr1vkbo4mes5b4ssjf0lof0,0,3,20170303123905
qo0qdm11kbl0c25qfr36k83c82,0,4,20170221061159
b8vohc3k2akl6io2db1no692t7,0,2,20170204025555
h0seibgtnir0n5lnsaef1rv314,0,4,20170201135609
trlff0474rifnig7bu53fp19h2,1,4,20170131135123
nasfebrjnh247vns1mtavk40a4,0,4,20170103080037
ljhh0gsfb7hagbdmhnegaklcv1,1,5,20161226050751
37dhnscpa8cg7fk1v5usjn68d6,0,2,20180626214331
ft227b62msgnsg36qe6iipnqj7,0,4,20180518214139
ramt2565bj17qg4qdd6t586575,0,2,20180126055222
mdvj0pnadu5n52najis34fp2s5,1,5,20180118124423
og026u0bhbaqo9l5huqblliu85,0,5,20170425184833
vjgj53g5h4avvqb9f61cpe2ib5,0,2,20170402094448
476b7lhrvah9cdgoh35n0ajgd4,1,5,20170206205243
qsqqcc9jq8rjipjvp77jji0fp7,0,4,20170202212839
3rmc6l5k8k6hu8tfb9trg0e3c3,1,5,20170202153532
r5l9l3kfi34klsg1i0tjttr983,0,5,20170201094402
163k0oranfsl7406qgkp21pk54,0,5,20170103041419
nkngtj2svpkbl2najbjqd6vm24,0,2,20161228190857
0a398kovfnto8t2rjs9i2aghg1,0,5,20161227181109
umhvfufpf6cfju51abtlg59gb3,0,5,20161223053841
tpmofvrogpvqtu1d81e6u7kmj3,0,4,20180517213604
5qcghupugt7i2ck66scncpp884,0,2,20180517212838
vl6tv09gqch75bdng0uuu13g92,1,2,20180118120341
3de5uuh8v66v5si50eas5utsd3,0,4,20170405152831
8nqtof6eh49frcfa13626e0324,1,4,20170309074836
bapi8eq3ec804un56bfbhrslq1,0,3,20170223183641
labn1sankqsa34kv7d8uivvt23,0,4,20170223142955
hsqdlac9samtjeli16v59nrnh7,0,4,20170215120409
ov1tni29s16cnvc7hvta214rq2,1,5,20170201005727
541icq9d2f1g4fogb0pam62iu4,0,4,20170107023701
80gfs3fqqiig0anl0akluf9o11,1,4,20161230062128
d146qp2gj9f7hk3i15v7o6vam4,0,2,20161230021002
4oodfpukmhvdm6svifujgasnn6,1,4,20161229202138
gl97fkfpiijs8ae014fqlm7c44,0,4,20161229175846
uich3t9ljc0fh0nng4um3k71m4,0,5,20161227175454
ous04kvecqk2n0b29guhihvhu1,1,5,20161226141639
fe66bjems0j5vaokbnr0ab9v66,0,4,20161223133658
r0p77ti5ug561vmaq5hl6m9fb7,0,2,20180126111626
1f0036omnv5f4mstp13ce1isu4,0,4,20180118201620
ogo9lamgsei1dta8dg1g527ah1,0,2,20170306185912
h8b07qpb85ekuiqo3g0rr1t5i7,0,2,20170306105457
7raej913jv8rakna6u9fnhcfe6,0,4,20170306011558
gap46nnvqmkrcfbs8kjn978tk4,0,2,20170131150152
6okid3nfpiv8o6dbfi1g066ft4,1,1,20170107024215
0aorihf230oqa449tl0o3p5fk1,1,4,20170105141206
1vo26l0m7mlo44dme7h7q89643,0,1,20161227183621
0a9qspkvdul3rdf3kjonm5n2q3,0,1,20180512030556
lb3gmqstvla29lhqsutoj6nn76,0,3,20180126032722
q2mdc4bppjl15g7tg0l4a6rkn6,1,4,20170327164116
egc1suus9eo6pqo55mvvccja92,0,5,20170325221153
5lgnsdlbrd7io9848feoh0p1o5,0,4,20170317202142
fgii77anqgmc567nff7o1ln6h5,1,1,20170315045133
jeaetgj0igv78p6m245mia8587,0,2,20170308002312
0lg131cto7470s67psn6n25lm3,0,1,20170306090741
6u597l9i6up54e8v05daq0cq77,1,5,20170226014122
d4gk3lh9gf742h7icnkj8fs2i6,0,5,20170214004716
09m0mbcg0po954vvb93sn816s3,0,5,20170208053817
hrrrsqdrk5lrl3kv99fnp22eo6,0,2,20170103054143
bmtne4r1ggr5ldosr9l03fqv45,1,5,20170101224011
9bphfoq9r1k218vj2grl76oo81,0,1,20161230191216
s0bok81juvmo2pdata5evfdqh7,0,4,20180626204924
mkalr3sjc4eqhlqt5um60fujm1,0,4,20180626184012
o66dc6s4qo998lep8k112lmo42,0,4,20170326132147
me5dr0k46pj7457gg260ghcif3,0,3,20170302141444
l8jqsa90pnkq2jqfm52lrrliq2,0,2,20170228091321
enf06ekj1vn69jb1evtcgj1jt3,0,1,20170226141115
lk0bqvj77nh1ltdu9gsorreje1,0,5,20170211224417
u7m89lf99mbmhp98r5vq1t3h13,1,5,20170211060226
cl7i55vldaab3obp3j9lvm0sj0,0,4,20170210215606
3da1dco38p1lotjmmbpi54osd1,0,5,20170204050205
mm0cff626dp7ueqqbvpi16fv65,0,5,20170202005351
408i8ma5q9a6g9t49ed5rhmjd2,1,4,20161226175124
3siquqstcd0tce6vf1prfcbel1,0,4,20170321154829
9rpf0vhmrisq8vfokj9boks016,0,2,20170224115002
reot9gqjjp0rsg2937p3c9s2g5,0,2,20170223162325
rgf806cmu23gae655k232vrg54,0,4,20170221034529
jbjmmii68qf0jfeqvdji5t7lp2,0,3,20170213155813
ouv897ul6hp4jfqpsfesqu4mj2,0,5,20170208051829
9e31j4nbghnmoci9i75kfnav21,0,4,20170206084916
rsv3idjnjf156cqa1oh10739a3,0,5,20170131143312
o53acf9so231okloq3pmnot3p2,1,5,20170107024837
qkt2aj9o01nqtff3chg2m4v5d0,0,5,20161222152119
84la79jhr43cosrkmodcevg6e3,0,3,20180126060945
10poeh0ncq7p3t89d3qtltneh2,0,5,20180118121631
lrjkb7a64bo5dhjbbs6cjp45p7,0,2,20170320153320
c85oh2eo5i2ujhtn66045f2s65,0,3,20170316122022
gm02qd9be1f6qcff1diq617d57,0,4,20170302202725
130leepeogc8pcmq06k2h4ctg5,0,4,20170216033940
o6rfcm6ilavce4q44bcom4mat0,0,2,20170210134729
ung63u4abmee3mvmgtgkbg0kc0,0,2,20170207004109
8ul9mqkb6sja9btp3lp8vkf571,0,3,20170131233542
dt05bk759ne4feo7j6i6nbtl36,0,2,20170131202034
kf5apjkp14fp3i9biv5easaed6,1,4,20170131165253
0htc50le6mtebt5hkbmn53j7d4,1,4,20170106192930
im1uo12amutgtaoh526evnvdr5,1,4,20161230211126
2na1i3atsrov2673rjoh016uk0,0,4,20161229194740
uhlg8fr2vaejph65n7crkq4ln1,0,4,20180628045013
ur86rd70djk1c87objd88as5a1,0,5,20180126022642
cvm52jnul9ps0l74qmjieuqn16,0,4,20170404163826
5frluobg1hrj1gium6ibdqqhu0,0,5,20170319212417
7bvacui53acd3ss9es2va7kvd4,1,4,20170303123649
9rqna3gbv9jcm7pf1d76et5526,1,5,20170227184212
sjp7l4jqsbg165v6nvhu332hs5,0,4,20170216145425
c6aqi3o6gojd93lfidbtu94k06,0,2,20170210222218
arn0t29u7222ld80u64ejvkf12,0,4,20170205184007
f7hupgejrnnk7tocmj3042db82,0,4,20170107021942
uoq16u4hrniriuia5s75g0emh5,1,4,20170106185216
vfjknnkbfe7rcr0bhusrpf7493,0,2,20161229122549
qna9b7itt8ahjres8oq2ticou6,0,4,20161226022714
6m32i6gig4vta84b0jbjtkapt2,1,5,20180619214250
p6vak8f57fccr73d9u39ikach7,0,5,20180126042213
l3j8ihue2k8pv9fph2th4fb8m6,0,3,20180119045816
bec8nhevdtpf2p0og6oa4gcqo0,0,4,20180118220440
cdnba9o6rcv8b56bduosg4qjv6,0,4,20180118173453
c0h4vmfp1m927f22bj13blrsf2,1,3,20180118132423
pni77i5per8ongofsdlgj2k373,0,4,20170407195811
dqkjssv6eoggl7rvao9q6qlvm2,0,5,20170304004508
ak15ogh56ftc3skncp69grlpq2,0,2,20170213173555
fn3k2vslocb0ifqfd00u1o0bf1,0,5,20170211025027
0meuptnbiii9eols8egi8ahoc1,0,4,20170205174102
97q11rd2qi3pjai3o9t2vovhc6,0,4,20170204005559
4cih7v0bbet3oe48utt6e65hb3,0,5,20161227015854
2bhrcu0nlg0rbprq80tocgene7,0,4,20180625050323
2v1ibndt5paq4d7q6qhuces1k4,1,1,20180118134025
gndrj26rp8o6c77kalfo6dq1h0,1,2,20180118121225
6tmpmgavifntsafm6k5vuf61v4,0,4,20170425221516
tdir91bfuvoslcf4bnvi2dbq94,0,1,20170406125032
sg2olad2hb80tkrfq6ihfafhj0,0,4,20170322073818
uugvfd6e1fep5ve67q8j8c2cq5,0,4,20170316103906
e9afc54nvomk33vn4v3v1qajs1,0,4,20170316002728
kakbcfdhvh49uvndt0uk3nm372,0,2,20170313032634
2nhfvu0j4b0u0ko7nnfao8oou2,0,5,20170226232159
ii1o6vuchiqqcmkbedq7b14hq1,0,2,20170225022530
9tcrkr38ddoua2dr17h9cmia46,1,5,20170220202132
sk3je8mkeclmi7566uqkb3jkj3,1,5,20170214145008
6do1qr4f0dsi80dl9ch2u66o72,0,5,20170212103354
gv30juar7flbefva6981ql5bq0,0,2,20170211210931
cl9sov2nm2p087qfs4mm34rgl2,0,4,20170211064056
ktqoaa387ssvdtnr47b3eeo1e4,0,2,20170103135740
f1q4mg9er0r1cfaq8e9hn3hbs6,0,4,20170103113822
82tko75nll3flphnlcsrdqj934,0,4,20161228171702
ets696juh6p38dub8sj334cnb5,1,5,20170425150728
pqg0tq93hc25278g4llco9ln94,0,5,20170425114657
petgn7lggaoq5e2ldqf3tterm3,0,2,20170323100016
5th18gp9lhrtu9u4qhgs4td6e6,1,4,20170318231039
kqdekh2sc1lnvoo4m6u8q9i5e7,1,4,20170305062000
pju00v8ktn5er44cdareignk43,0,5,20170210210620
qn20t9gvlj0af7mvggncvefg37,0,2,20170210140629
gj0kqhr73ajso7ftkesij0v244,0,4,20170208010833
bgin60c99cq546h7g7dalih037,0,4,20170203144604
ifhfb79qohj1pjcl056jv6v8s2,0,5,20170203143333
qb9muf510v5goqbfjmrhrgv0o4,0,5,20161221040628
g5cfbeh4cnppj1pcab4eu9cju3,0,3,20180119020817
g18bi2cg6jmtp8b0ut61904il4,0,1,20180118171834
jm9dj1j05kjv4l4jnofsu89h45,0,1,20180118134927
4riun7767uodkoohqffrc31k34,1,5,20170425153609
3vqpb9urmmm8r9pqfu1s0jemp4,1,4,20170303205717
jiftbsmdo5847h3m26k861r6i1,0,2,20170301174509
rpjbhfe699u9cpo6574ptq6vp4,0,2,20170218133042
1997dfmlhjgud5upep21gnrf20,1,5,20170210162042
pcc8kqebjddv5l16i9skt6s3u0,1,4,20170209213313
pf1mhga67fiksp83g19n3bn571,0,4,20170205231450
qt2k9j5sn5lk37jm4823b2j5b1,0,4,20180627011256
pnbtqd5d09ivlkpesh7epuej80,0,2,20170425195501
njq4dt34cgh238jnralcn1s3u2,0,1,20170402120635
i0engofhfrk0rf3rs6j79trt00,0,2,20170331231212
3o9bolp0pgun5g90l59eahpk90,0,4,20170322043528
eg7eqtc8kapvao3uhjp81cn182,0,2,20170315194725
qe2g1homub1pcl1mnnpgldfii5,0,2,20170311223735
98lt49errgvfo236u3412s2su3,0,4,20170311051035
56pg3qp827mb4qpj3neje9ski7,0,5,20170222181602
p3s1hgegk64mf9jka0cm89jt54,0,2,20170213155127
fq12c3ensf8qtqhoov15j926t0,0,4,20170211230042
eeut8hjd137fndsce38k5ud3g0,0,4,20170207030407
kbcchljgu7mgfpc2id4h5h6oi0,0,4,20170102192630
6t489kom2rhi07s049k6cbf3k3,0,3,20161228224328
tsbi85b1ldac15ld6necp08ca4,0,2,20180510151542
gj9hcmf3s27ejjt1tbat7vaf53,0,1,20180126030743
a41helnrdhm1hfco3pteu28q85,1,4,20180118133641
5mtd7tpie6i15qdofft2iv6ap4,1,4,20170403230130
hupurlckakujnq9mojkdq9p233,0,5,20170310091735
0mmmos7mqv29eanlfn1lu5gkh4,0,1,20170305153607
j5g06485v6s98g4b9h327j72b6,1,3,20170304135253
41v84eha7h21amcd9lnmnc8uo3,1,4,20170226175337
9ns8le7ncta3lctiavhd5r3gn5,0,5,20170226131940
5oqn5bv134bil7indb7u4qb0b0,0,5,20170222134729
2vuook98mdhdnpg39vopla57r1,0,2,20170201070612
c0kmgeg34ejdq59knc5mbflka5,0,4,20170101182244
h26fts4n0rcd1t7ru56o3bn172,1,4,20161231015823
efbp469n1vfbnb0cafa6o4bsb1,0,2,20180620183418
8tvc7slrvihsu22ffc18old7c0,1,5,20180126140825
plkdct3qka5ras9asbob6dced0,1,4,20180126034554
n7msvlrd0oqc2qld7jvulkr1q3,1,4,20170425124048
lm9tc6o84007940p0ni8ihge03,0,5,20170402160651
d7sn20ved4h4uo9esovloa5gl6,0,5,20170326234941
mvrb031r1ibslou7fhj1bnkbk5,0,5,20170320103259
98tgnneak9jp333u319rvmdq71,0,5,20170311190601
k5v4bhvp5ldgdlv3foogdn0d36,1,4,20170303164418
nbsq32fh6enl6ov0fmrfjs8m92,0,4,20170216172053
jf77p3scj1pob87s15bjrpled3,0,4,20170213222701
qtb5hlqirrmnvkr0lfh3dgbac1,0,5,20170212024057
54qc9mv6dfrkcbt6ig5a45mt64,1,5,20170211062851
dt1e9uu70qjdnjhmaqa77ib102,0,4,20161222074107
f3mlcr4bv0qf4tikqde859tgj5,0,4,20180118190532
5rthttolpif3a3ck3do7eiut82,0,5,20180118132811
mmoe4a57ctkur1i7faf6ieh0g3,0,4,20170407155733
14mh9fcclctjdm3fpqfke47i92,0,1,20170403214627
p6ps3um7i0vp8bhe6qc7ntkn74,1,5,20170212011033
j6vbhjvh35ufc64qd18llar2p1,0,5,20170212010449
o0fgo8o51ag9oanrgo5qq7qne7,1,5,20170211050801
fh8i49ve50h51hilet1ccu1sr0,1,4,20170210181236
3jmnmct0n6d1b7irk4vmqghlg2,0,5,20170203194336
vsnqalaft91e9rtcr79k13d1i1,0,1,20170409041605
8iuc69tqes72lvqc2cck7jusm6,0,5,20170214183039
q89s3smoht0ah8qmsugqnrcr42,1,5,20170214164914
lp3nr5k1pd9o4bt4emfrtmkq60,1,4,20170210234414
ee865vadqf8oh4juat2hb4ee23,0,1,20170207093906
62i393bkccdjt9j3fgv81qpti0,0,1,20170202075059
d0sjv2jk3nsjrog0552dbbkhl0,1,4,20170102175121
im2i11s6ajmv4ur5kv4pr86sc0,0,1,20161230021842
7lbac6vo5f0tjcht08ugi72vl3,0,1,20161229233114
0tdb8j91qsgk39pcbvgek93qt0,0,2,20161228042400
u1uefkl6jc54aplg402h2ktfu0,1,5,20161222002718
7qugdoo3ka4qn0pr3l7rsq9gb3,0,4,20161220213034
migpmrf10h08imb579lv9tb061,0,2,20180620183218
itrvo0c32k94aghat073m8i562,0,1,20180620090059
njg5tno3a2tv9proo8kddbntu2,0,5,20170425174618
aag4o84qme0m172peh089gpq31,0,5,20170323051509
ud0ufu1memg9qfm8lp8br312o4,0,4,20170226195031
lt2kfld9800csp5vqnd7b2c5c2,1,5,20170131233058
2fk62vgd2jc8bs11o4vo6mme45,1,1,20161228051540
im5165qogrjhrjbo8krgdq24h7,0,5,20180519230725
25mjoeg46q9fnllkfcd9gq1vr2,1,5,20180126190823
enuhssb2m1bjpftgd94ajjfqd1,1,1,20180118133520
7il6k6sp1i7tgolpmkfb9usgt4,1,5,20170425160058
nej5njrb6pjfev8qq3rqmaact2,0,2,20170228025959
ausdafml6rdmkb42rgs2j4vj26,1,4,20170211082243
2o0fn2q076dqurbsi6758uacd3,0,4,20170211025301
e12j7np3goiuttbmru18jspbn1,0,1,20170205155707
4balp27ifefrcfagq5ae8kdtf7,0,3,20170205072536
3sejkhsa33sgs187fsidd0vrc3,0,4,20170204171352
f2m3mbt5lto7bjkc6foevjn8e0,0,4,20170203194248
kjlksnfk320kkc800ugfb4vhh7,0,4,20170202150152
h1fb1up2nidb85u26s8tt6p785,1,4,20161228033412
1fi49omkjb1s774d3foqm4fa82,0,4,20161220155351
k4j6b0fcpvumabe8qemnn9uk06,0,4,20180620002450
m6vm7vogvqnqe45vt1k8plgk92,0,5,20170425125610
e01lt4qc6rapknsqta0dc4vho1,1,5,20170425124359
01tvssa2e5fjv82uapd8k7dc83,0,4,20170323193010
eqnhfg93eakfuhbsco3aum6662,0,2,20170304044838
sb0v6hk8pnkeaen9qgsgqa7a54,0,3,20170222123520
jvs280sbdsue6rlqilhbffsgc0,1,4,20170219182607
m0kg5j4liu0afhnmao0keg0rk0,0,5,20170215154533
3la91sgbpvm7htqqtqdbhqo7t6,1,3,20170210142854
11hbcnk5t5bj9le0l40nl1d3v2,0,2,20170107031131
l8052eu0ia35enan3ej54iss85,0,4,20170107022523
q1aapcbunnf7vm0of9c293f311,0,5,20170105043647
1j3t2ef10gu76u42ebetl1gnd4,1,4,20170102005432
8df2oqkb658lq0gska4hni5nd1,1,5,20161230002122
ld7oe4uibq94dj22acg7j7o171,0,2,20161222160820
3rj3b002f0g6tr7q2jnjp35ka2,0,5,20180119011219
qh5q1hm6i95uc3d1kf6fedrhn7,1,3,20180118134256
10gj862tosjat9v397qrr9k3d6,0,4,20170425155328
4f5s2768dma5lla5tan3phrj47,0,5,20170310213418
d2svscuh3dqtvt0ruk93ga2pc6,1,4,20170304235708
jbo6grio342a4p4be72636u4m0,0,2,20170302184642
u63lj6dh7cm8s83iplbou7hc81,0,4,20170222132608
lod7e4a1v8adv1qnmh5vlblc86,0,5,20170131141817
3mgkg4779309c57gchmos4k242,0,4,20161226001929
g82tm1h067m1vl31c30c1sont1,0,5,20161224143624
svb8gl11rtccko6u77fr5ekq31,0,2,20161221222827
kn6qr7vmdabo22uhl97lg7atm4,0,5,20161220222739
uc2lracr91ik0mahf2i0gqhvq0,0,5,20180619220218
1u41ni8at4b59cf0o844a9tue5,1,4,20180119053611
0riqncmd1s7piovesi06enqk21,0,4,20170405200442
5utngv1isc04l4e24qlc37lsd5,0,4,20170320111405
rev55vi98ku8b81ggvf40g8fd1,0,5,20170310144142
4h4jmc46i89dnt48tv5oqsvus6,0,5,20170305090659
4b0f6oodfver7jva7khfon82e7,0,5,20170228202149
nn7jls1m94nr3rkbb6321r6c33,0,5,20170226201854
ve1v6rga1d0facisgo7laahgr7,0,4,20170224231816
329rl0k43pico6bmboubl6fei4,0,4,20170218233049
v9ttnnte3b3qbugdn88vnjh8q0,1,5,20170211085513
c5ilt86n7ifbet8b24hfdresb2,0,4,20170210124057
niq63crg9o8g8mojj54rfda581,0,5,20170131161024
q9cqh79tamq82o8rjg4v6dlvm0,0,4,20170131130043
8ifvrf41r13bdj4cd48uuu5hh5,1,5,20161225043756
v6un3glrmnb7r3kdhs0p0cqco5,0,5,20180126044459
q9uj55h1hf0pnc95qdc5mk9iv7,1,5,20180126034506
bruojfu673v9eh752bunieg6m1,0,4,20170406164226
fbv1cvqu1n3uaoc5cni52hib22,0,1,20170307164015
5hpait09bv2es6o8bbrr427q33,1,2,20170228172259
ngnp2edg8vaggahh3btqdcee54,1,3,20170218231154
6r3t796gumf4pb2vmaigf9ndc1,1,5,20170217045758
vjibvuiu4tjq2fsu6p2oo6q540,0,4,20170211013414
3nhetmc1tkl4bk6coieoc6qo60,0,3,20170209030648
b7g9bji6vgt4b4pjip5nh1sej1,0,4,20170102200709
7g60il8e9m554fqe075la8tgb5,0,4,20161226190110
2e4btugqcj2tdive5hh2rejsk0,1,2,20161220160936
5b020hc68trj6dl92jr5vflm25,0,5,20180626122424
lgesh79l4uvp8p5gjjcn6hg550,0,1,20180118174639
jo4p3ci6mvkh638gm5eeq8hb50,1,4,20170425214142
n25m9mjgtt7dlqrdn996gil2c4,1,3,20170425171909
la3ltbu94aik38b7bs35v9tub6,0,5,20170425133811
8o0phuboaldna1ectdf28jfjb2,0,4,20170306071836
ihom7v8qnbar41er4rta7f02n2,0,5,20170222130440
vlahgfmibmnar6p729algeucs0,0,1,20170210193625
1dg0qfv8tpphciaoii5kua6u00,1,4,20170203201309
ramsusb6ilcuktlrvb7bnuu3g4,1,5,20170131191120
b6jgjipdjusff6h0m20m8vii57,0,2,20161231222921
rhth03rhqi73p4hm3thdqrfqs3,0,4,20180628045518
4a8o22stm4dlrr2470bv6m17l7,0,4,20180126045653
5aoeqdlpefmhjmhibfv1gluo31,0,2,20180118184332
f8jl50s34do0pi01ln4frhklo1,0,5,20170323142920
ln6js6n5imo018rats4249vcr1,0,2,20170223053739
r6tk5lv3v1accna3urrcqudss2,0,5,20170221000828
f4k20m2u0q668m5j6f3e9kbce3,0,1,20170213042628
ssi4mjjr737dmiri61rcr097a2,0,1,20170212134117
3o0fl3ujk2st7ds43sf6lhkkm4,0,5,20170210115723
aot4d3kusr3sju9457lefo2h14,0,5,20170204014417
6l6oksm7sptgc0vuqi6vpt9fs0,0,4,20170103185653
9rhh5eook357kr5vbtke4t5jt1,0,5,20161227185445
vds2k17dslljk0tf628okb9qg4,0,4,20161223041901
hp3hqt4ifrb3q4f8vgo8e98e65,0,4,20161217041101
c0ukm7ed3he69cqoaaacku8cl3,0,4,20180624145752
sbhhrvsm495uj9hsg4j8nggea5,0,2,20180118111927
9v4d7ftuvt2006ji66u2sva6p5,0,2,20170405200005
mor509fv0i5sl2u5q2ke1fvdj7,0,4,20170310130042
bgnr1l0mas4fplbusgjc2mgpk2,0,1,20170220152345
knp2m6n2av9jr3657etpdqtal6,1,1,20170216221937
sfr4oh9csr3oia1s9jhnqjms16,0,1,20170212072738
abdokccrssh5e19qa1l7tsmit0,0,4,20170207022424
lfgu0iim533d541dhs2ra0ean0,0,3,20170131154945
kem9qf0ngcj424ii6da3faob14,0,5,20170104154155
327mv69k4gs554716au4hocj43,0,2,20170101030830
abj7kumlpffd0nv12tjmn25mq2,1,4,20161229183249
1vo74nfqrpdbljin1fig1259e4,1,2,20161222052824
bme8j89tsqrsr5d2nqrlpog172,0,4,20161220154111
fk8rth5njlfs3jvdrpu2ncdu15,0,4,20180625210435
ml1ok35k1ds8nc09lr4pfo7k83,0,5,20180126164618
ha5turv75ta0srji09g039pr30,0,4,20180118224441
ven1ovjd446jeer1darq71d120,0,5,20180118173959
9c8s1urc1hp7odjkmnb3lul6q5,0,1,20180118112126
i09d15768em2v5ku9tc35isdb7,0,5,20170317175320
ir11u34f1dr4s62tmukesgu2s0,1,2,20170310050654
bg9ap32vomoqma8r60bv5mn2i6,1,5,20170221192217
oej7af1oan41ce15mvlrmdjhc0,0,2,20170217173823
27l9isgn6qrako8jfkbnvv2dt5,1,3,20170213143122
bb39sfoma3dbc1ou7fqd6qbe97,0,3,20170212144327
k34lag6n9fk730u5sut1hep8t7,0,4,20170207024903
qnkd63m1cp3tnkrndi9taq5r51,0,4,20170204041438
rokss5slqb745el47nvu4hrqq1,0,4,20170131183037
ben7o81sgq8k5h1scaog2uls97,1,5,20161228145626
legr10l56nq91jibjb9nf8e2j3,0,2,20161228045316
6prjflikg91ifr9puo2ccm2vu2,0,5,20161227170720
o07c9djhn81g8al8t7thlha7j1,0,5,20161224160034
bt8i9qeln78vff0lrgmp45nso4,0,1,20180126053353
eja594earuqii8ktjtj3mrdai7,0,5,20180126023537
8p0skad92vjj2f6kugp9fb9lu0,0,2,20170409023932
equgoj9c0kaclqkotn4m7qgir6,1,3,20170402020539
j3ucr5sr01ghrb4fvcvv5p2ge5,1,5,20170328193458
hg8edsi5d7iv73md8b1inbblm7,0,1,20170313172309
oq32ph23p3qivlntvui35609b0,0,5,20170222134009
0rgdoum1o0949c4pj9e1cbuka0,0,5,20170212203635
flf5lgver6gfed6fcbfuf7gmb0,1,5,20170207170926
t7kuhgt6i6ed67e90pa2nlanb5,1,1,20170203001738
lhhjh49s5dqcvv54fnbv24gfv6,0,2,20180126115334
10nlqtf3kf38eoloepn70icj70,0,2,20170220114258
qekmhra9namkbopamu5r9295l2,0,1,20170210172301
i1pgi3epmkrn22k5a1pi70oif5,0,5,20170210154448
09qk3phud0h90ovh0ulud60td4,1,4,20170210154209
1a7m4g6bf6kqk36vkuj3jf8kh6,0,5,20170206143132
jakkndoiljdhv363i2bkk46ch6,0,2,20170206090625
60ioat7ge6bnffuh7f418meuc6,0,5,20170205120604
pauhllujoojpb4c7d2k6i643i4,0,5,20170203044748
dvthmbrde7lso22714f0sel5k6,1,2,20170131151249
orvfd2sovidkgi1slkm51ps3r2,0,3,20170107023650
1li81030rad2vl71vgbdgutp96,1,4,20170106210037
6k7jodfuojtnc3ln1odnd27097,0,5,20180126012902
bajchsclnms5ja713rv85ecjj2,0,4,20170425183215
pp9p3meld95dcb5dnr8k86ukf5,0,2,20170407012804
dkbmo0fn3j2borb9cih8m21vc7,0,2,20170304190555
vdgav98jgenlombj1fleap4in5,0,5,20170212220147
6u6rru9147v3g8ql56en0vr5i4,0,5,20170212002550
fpsnrqnfrk8i3kib2hq58uel25,0,2,20170204013359
jm1lp1uadka2t3d2q8rqihhuh6,1,1,20161227163132
7l3h0evj17l60e2f6cqic7psv3,0,1,20180126214200
08vo17af51fhhl1o1f2ggucps1,1,5,20170425164857
b25fslphct9e16qhqp7uno0fg1,0,2,20170425122224
cpifmrc0o1o7bsrg76nt87l9n2,0,2,20170403145500
gv4f4bt2eg1qvj5pbtpsfmil75,1,5,20170324055809
lt11t7avbvb6cameh67umdfp97,0,4,20170312192358
83vd66abjo1m8frr19ka391la2,0,5,20170312132900
ct7tsa5jngdvnvqkcjpev1d774,0,3,20170224211637
f92eunht81dqp53c18pvurkm21,0,2,20170222201833
onvtomiq5uvovrmgal5llmo9h4,0,2,20170221023332
9ahai6j1l5r6itucoe7qg910f7,1,5,20170218192120
3a8kkbmhim7ar2e6oac64t7g53,0,1,20170212052446
4rohq3rrrbsav4qm5smov7qjr0,0,5,20170203183947
qc3v94btnlcp7gorih0bk2mu92,1,4,20170131182141
juggump2qtmtr4aamtr82qb286,0,4,20170104165204
ge0hmangis85t19ma82j26jfa0,0,1,20161226021837
eb8q3f9rrk0qpc1s197bmv3a62,0,4,20161224024732
o3p958b2kr212jmn02603g74a3,0,4,20180126234508
qgbgj91sav2oa64dcqsuhln7o5,1,4,20180126020105
pe2do7kvr66lc51j5kt1vc8qt2,0,4,20170324133036
4vkop49dc7nalqcfrkr1cv9a67,0,5,20170320165847
rns7n0tootg8ov9ts20pda7u32,0,5,20170215072707
ujco14tdp0vejma7nrs4jm2990,0,2,20170212020803
vsrok8t5qkvmkqdatfiife50p4,0,4,20170201204643
v6btd67cjn287ikjhff9o6ea96,0,5,20170113155909
55p20447pu9o066u746s4elku0,0,5,20170106231621
o7q357rigvcdabneeb912s07q1,1,4,20161230032909
59q52gkgk22v1fmbm8p5el7tj0,0,5,20161221015911
nf7sokigeonuqr92859orisrn6,0,4,20161220170604
0ad7mff0gvduohi8ndm87cdg11,0,1,20180119005740
eiode6eslkvks9go1lrn07v4c6,0,5,20170425171731
30c2a4fehvo7q8qqf89947jdc0,1,5,20170425125423
hshl6i5fg2hdaudqir9jhub9h0,1,4,20170407183626
n8ak3ur0rksa6pnsi5f1rotih4,0,5,20170313131458
8b4kvvfd7cs19n4riu85b3pu46,0,1,20170313055148
q48rm7150mq02dageniauq2i55,0,5,20170311141811
0lsgq80ngi056q2no69qlupa72,0,1,20170307171507
n6rjregoohivqvditl9dclirv3,0,5,20170301203451
19d896q2d9ocglokdpqf7so4i0,0,5,20170226011147
qv93n0rh4tggh7trcht3fheg63,1,4,20170212193454
7q0097f81fsfhakuetql2l2bd0,1,4,20170210122932
9t7f717ronk2vtk4trdieaobf3,1,3,20170205063256
441674jfapu620i28i5lds8454,0,1,20170205053029
948ntvi8aeama9d94594fitop6,1,4,20170131125124
ghdfopuk9rpavi5e61ie9qhmv0,0,1,20170105041412
50ssn8hdru9ut3tvu8klt2cd45,0,2,20161221210023
pu2ikojr3mi6q29e0b97khsnf4,0,4,20180126053554
00vtb4e35jkeftllki8t5pq564,0,1,20170404052820
pn8p4dpa2ebviduv4opaoujb66,0,1,20170217145415
o5elrhrtvslgq9otes6qakq0s3,0,2,20170202080913
t53pho6ho0bptu028cptg1gaa5,1,4,20170131152048
49umm72dnmhio4636hv8acrjs2,1,3,20170103181732
qq1d08bp61vd9viihfndmg1200,0,4,20170101233306
3en8lfmcet59it32lfmho7fam2,1,5,20161230232712
0jf32vno59cmr5tl7hn813h2e5,0,4,20161222095222
6als1b4378o7qu4puheb89t9m2,0,4,20161220225122
daapq6c5d4foa9if0tdf3gre43,1,4,20180518182139
m3un6st3pm7qohggdu9p7opct3,1,3,20170327132216
34c7acdqaert5fg3u91a339ih4,0,5,20170305150538
mqbna4fdp7agu7gvgiliielms5,0,4,20170227164139
ihfr587ub1k9ng3rsoqnnsise5,0,1,20170223192001
h9ib271r2k55ha36q2hhgemnj2,0,4,20170219123857
pla2pn9akfagcuedn4huksbuu1,1,5,20170210221721
fug4lsn6r8gunhvno88fidufp5,0,4,20170202014542
796npd1to8mc1gbl9223fm50m2,1,5,20161230021706
vvg0j2bm56at9tdiv1gkb0nku6,0,5,20161227024453
tcga2lp85brqvld336vvvb7ur2,0,5,20161222063608
58npdb91133qlb8bfoejokope3,1,4,20180627205851
tk9g0ukidlom6kudmjt2hjjma3,0,4,20180619223214
8ciuov00qjqahkkcjg2q4s6jp3,0,1,20180118134720
s6drkvn4dftiqhkbsp206qr850,0,5,20170425231433
rviji79uj2dfo3dr0f2kuuc872,0,4,20170425195917
utjnvvh4p3hv40iq3bbfpccre2,1,5,20170425124638
21hdo29adalcfq36bldsilkvm0,0,1,20170318101436
hpbpdmk45bito0aphatgfsv416,0,3,20170220045333
3vsht1527gd7jp9ek8nk95g9a0,1,4,20170212153654
rtjs2cek0ivf6eggdd1rt0j410,0,4,20161227064047
fqfohhb58g34eqis3cdenv1103,0,5,20170425213541
gu7ud301tlc7s27jelk9hdpph0,1,5,20170425163349
sbqfoqv7kpcrubu7tdij9lsfd2,0,4,20170425130707
h3e70bbuaocc9qo7cku4t9om54,0,4,20170322044753
vqm9np7p0opb5qfoe2rs0idat3,1,2,20170317073235
cngs30m1le1cilf60vau1eg0g5,0,4,20170315220214
k3k5hglefegmj8muajip30acl7,0,2,20170312200221
jup9qim6bl0i54aij3uduanh86,1,3,20170303122212
q8nbkte5feggcp0lo55msk3th2,0,4,20170302180554
h46r1cscmtj8rtl4l36p6pb810,0,5,20170212204102
9sp542gdhnaunfetk8tcm9vrk7,0,4,20170211231856
u2fm7g8ffgp78c6r1k3k7ht951,0,5,20170210132117
cjjo309smf06c4fopuklm8ups6,0,4,20170207010110
3esfpili5j84u0p1l7nenkhc96,0,2,20170204204929
887sl2rtvo5st68vd759gj5sl2,0,4,20170204013452
cmhpba8253vi21hhhrs2ur2ef3,1,5,20170203164638
r05mq1ven4pbl6teib9t4508b0,0,5,20161227200204
f22ht82fkrrvg70vcec9l6jr26,1,5,20161226194350
dds6r4dpg4oi9mjrsbbdcvtk35,0,5,20161225211931
eicqc0ih7r1q69odk7fr4bsqi4,0,1,20180126132533
bisj3b4pgao7g8pchihdpetq95,0,2,20180126014423
ufpr869e1hoq6mkebrdr6fbgu3,0,4,20180118143049
mf57lknbe0el3r4ob30uj5dcf4,0,4,20170425190754
e0jie7l17bolji6267kbk8kga6,0,4,20170309001200
5c18ibd5pte1d1h9llra7jg1h5,0,4,20170211011840
5u4tovn0cdqphsjt74lmdg8gp0,1,5,20170208065831
r1vk328f0ilirr4m1a36h6r1h2,0,4,20170203230314
ef9u189l9japbd6n5m9gpqcft7,0,2,20170201004320
d22ucotkcebe0jfhl1tj1u4t51,0,4,20170131151131
8buefalc612ebcmtmb6r5f29u6,0,3,20170131140735
vtrlbc5u1jfmlkikjiibdvmlf3,0,5,20161222163758
511r9i89qhq0k820lkhtalc443,0,1,20180620020245
75pq48c0047dic1vmlliuktup2,0,5,20180519203306
rqp2n9g57h697h53omk80a4mo0,0,4,20180118114317
e1kl0cpk4rnlekimr591kkfqo5,0,3,20170402093707
bideoeekn573i3ksc712ad28d6,1,4,20170201145643
8mtpeu3c8j04sfkdkggh8d3d37,1,5,20170131153426
n8l3r82fh2qunrj56rq46di5m1,0,5,20170101165204
k3q1dp1vqir3cfj937j27g1sp3,0,4,20161228161611
j98vrl29bfgi8vov7kgjck42t6,0,5,20170316133825
hruvplfqfn9sim237n4s9hf707,1,5,20170310160008
0m5qhvmes7e2gsmbo9f0r0l801,0,5,20170310064936
soocspjcgedp19eqh2lmumrpr3,0,4,20170213013016
8qi3k3l1e56l2pdkjfs63g7gc7,1,4,20170208054936
99cqhovjlm7avc56v1nans6nc2,0,4,20170131124456
77i0hc88712qmkun3eatj24540,0,1,20161221021914
b2t6k8qqc1nrqi1dk8cuesujm5,0,4,20161220193027
rjd93v2oun1rdobtdv8n7vff20,0,5,20170425180014
tmsd2afm1okjtha2lbarnkb593,0,4,20170317025443
o9glms1je30nu1cnnu3br0fn42,1,4,20170306145417
nvk95uofbe5hd003emd89ivv05,0,5,20170225160422
cae9ehte3e0m3bf63nnf43ioa2,0,2,20170223183512
rkq0b4eu9a7q0p5onha5oi1ft6,0,5,20170223101636
h34u8er2ofh890hmrpn7jm68f1,0,5,20170212182708
jlkcsi1bislekluoffck2kome6,0,2,20170212144836
6r4oof6meiqrfb8h5qs8uf0m97,0,2,20170211234754
jcu9q58mdvs12e0i49rh5pgs67,0,5,20170211084059
3l5o606grdfrtfu82t2cnrteq3,0,4,20170210202354
mb0i08sejb0k8gnn0ck8sas934,1,5,20170209234240
39o5bkcundnqclvob1uokc26e5,0,4,20170131233716
ochltqei3dnt9k2u46oqu69sj7,1,4,20170106204144
18ipt58nbb19f5d5f33i46vhd1,0,5,20170103084501
2012vflm4ifg49ck168v6bddp1,0,4,20161227201530
96lilp2addmuc700dsh9le5gn1,1,4,20161222205527
jm3a1g33ciu7v76f83eccj9350,1,4,20161221185148
2sarimmpfh296at2kc8cqa4cm6,1,4,20180118195311
324up5krrhdp8u4tpqdpcadm54,0,5,20180118154706
o8pp0legqtjnesnvkumtof6qn7,1,1,20180118135411
a1dh8mhi5mrv9fvbf573it4ct4,0,3,20180118111837
7hnl0498jl0sj47l4c6sahei81,1,4,20170425161431
vo5dd3tg31olebe9jeoufapkr5,0,2,20170425120139
lcr80ijjlpt6rr13q06v97gc36,0,2,20170331170033
le0g3hm6trt11eifvq9bav9ut7,1,3,20170219154759
uefm7bfo819vdpqqr57ble0237,0,3,20170214142639
hurmvu12rs130do4r57hpunis1,0,1,20170212065742
oo69c65veeud2b6gd3ft6ds1g1,1,3,20170211021218
dbm27luhbma5bc6v4jlh0i7js4,0,4,20170211005054
occ3kfnu09399kmt8lkcnuhga3,1,5,20170210170908
s6cn7b3oc2frvvr7082h8sb596,0,4,20170208012617
rt8igqfkhd3514bl2nqee4hdg3,0,5,20170207181633
n5gd73looqm8l4ecko7k7orpk5,0,5,20170205170640
pjfa2in72h3hteioocopjgihs5,0,5,20170107030250
af02t0p4s9dqiqfvajff0avne3,0,4,20161227031105
s03cirf3kk6a8fv4lc61nrdu14,0,3,20161226142014
ni8fn3j9ohha15ilhru5v3bmq3,0,2,20161226020243
3p62rebol1osanbq5btqmcpdc3,0,5,20161224150317
1d82a0sl5na8ucii1t0j7586p0,1,3,20161224065107
91udc7gj447del09slrp7iqs13,0,1,20161221191147
g1nsv124afpm7p3h67rn3p7kc2,0,5,20180514033032
mhiu287kg1uuav1r57kmkf3ik4,0,5,20180126133547
mesbnh11p5hr7f2cdl7vft3je4,0,2,20180119035915
fsl4j13qv3rtvhjnsb1ue77103,0,4,20180118121457
6rq3tqjg0c3m5kaa94ia7m11f5,0,2,20170425213836
aibha5scoqtviu5o4hljkmkvn2,0,4,20170425123850
rqiohlr6j6qgds13j5b7v7r4f2,0,1,20170312034338
jgmuseiduj6uchv52s9jvfi020,0,1,20170224144221
676ot6i8psdfbtounm14bdm0v4,0,4,20170212180912
2rq1fiiajo82s7u5dpvaer26v1,0,2,20170212042602
afo3hj0idd8kn51kinijhjjbq4,0,4,20170206053202
rmtdvcg0onaa0huluunh9804o2,0,3,20170202180549
cupkjvmktfrovfkvqkom0jcdm2,0,4,20170131153634
bic2kijc7eoppnh51u4iuq4o53,0,1,20170131142134
khf69dq1h6bn8uq49qq9u220r4,0,5,20170107023739
207nl4up5oc7hffhl0pbh76rr2,0,5,20170105162609
5vh0f6r0fcnh515ud8se6hbu80,0,3,20170103043207
ppo3g7vrd0ovci2sjsndkn54p0,1,5,20161230195455
udlm8m5oajv3r7dm7j9ph80j71,0,2,20161230044650
pu3n0mhr6bu663la2b7b3v2pf2,0,2,20180126151150
uu0359kqnhdmqihcb9pjt4sl21,0,1,20180118193354
o9f88s77bq47eqtljnhp80au81,0,2,20170405035432
1q7l2tkl5ji1uacer6mp7o0sf7,0,2,20170326211436
50dfiptrs87ont06joam4eupv2,1,5,20170224192320
89l25ht8rcugh301cqvq1cfj60,1,1,20170217012739
vp0kdjicab647r8mg7u7lvgl16,1,4,20170211165250
p5ge4t2ujuc9jc2hc72uup8p95,0,5,20170211002608
3sk6fhudecklo8pjo9lmcfmcc3,0,3,20170204171057
mms0kbae48dt7dg0ounjaa2oq4,1,4,20161228055324
1rsguvf6t3si9qm3c6rfhnk067,0,2,20161223212553
d183lifnrsvotrmenmmkniu406,0,1,20161221222904
7n4g87ibhvmhm4bvf2nieprtr2,0,3,20161220165323
uu2mgf2chdv9aik5rl4qlvura6,1,2,20180519220641
3ncjf6hqlbd1sbdod05ib6gnb2,0,1,20180519174856
ln9cm3d6irtgbieuktc48kepc1,0,1,20180126103517
t9cedetobm36c6jr5uub3l08p1,1,1,20180119010920
j2fd4f3q531scsci7m041mgs16,0,1,20180118152009
pv5en6jb8qmoo9nmuu4jeghgd2,1,5,20170425160015
ntqpab4se75735q8oe3uh9gma5,0,2,20170326214529
9ke7pej6t4a0g4r512pean3ml2,0,5,20170321121713
1j96q5i3aobvhg2l31ocr5o804,0,2,20170321040536
8dejc18oi9ikuj9pgnrneb5jb0,0,1,20170308204430
5b15dv7dm58jc1073mamg51ob0,0,2,20170212022621
jmlqsh9hdvej7ugdr5hs0a38j7,0,4,20170210203910
188d399ouuuqvo5qdnd5f15jb0,1,4,20170209120434
i603rgfqh7gn9r23opl7vj7if3,0,2,20170206030737
f2l6ftcm8amusf6osn0au5t6n6,1,4,20170131124043
o3cnb4ljmlqm9luo8n9askvho1,0,5,20161231223618
4fk64hv6cj1iua5jb7glotkub3,1,5,20161221092256
23b3hjg06rsr0rnknvi9e8stj5,1,4,20170228171557
gjdg4biabnfaan6aaknp9b6ko2,0,2,20170213224951
612p0eiqin1cbqgssu86k9ji47,1,4,20170213224333
riotvqaou7jjifd2p2s9l7gks0,0,4,20170213204355
iqaffeqne82h4uebvbc480f2k0,0,2,20170207025231
9pjnap3pvqjria5ptsb3o2v813,0,5,20170131181424
ajslnec8tvhcusubj3aca000f2,0,1,20161225235058
8k0t2pc1sof22oqg7b5lbtkq35,0,4,20161221004038
5engt34l97jqmrd99rutovenj0,1,5,20180619233805
p51lo3f1v98qcrr4r9rn2dtkt7,1,5,20180119024348
n3t0poa175qopl1972a7lt5tq4,0,5,20180118133628
i4hvq4glojovcvmqq8nre9uk86,0,5,20170425205451
pve6t4folrn8k5971pq6ab2qd7,0,4,20170313041032
utd1kem7nbs2k2tvuupsih5ce0,0,2,20170225004211
nbiebfaejed49al2sjhn1bvoo6,0,2,20170218194224
bjqtehhsgeh5lnfeplstu920g2,0,2,20170213172237
ogo2k26hltn5mhhp3qfh0o7gd2,0,5,20170211025333
0htpcdqg9gktm2595ga42hreu3,1,5,20170210175214
v04fqhu9vb01f3s486i2ocv716,1,1,20170209215231
0fs8m2dolps1jpaft37gcjp360,0,5,20170202161332
n5lihcpp8gq0ev32rnnqcluqb0,1,5,20170102033746
k5jvsa22pt045poj5dfapnu5g4,0,5,20161227194025
mqu3dm13k01bp7rj3rc0jb4il6,1,5,20161227172333
r664jea72to025uf21jrm7qo24,0,3,20161225222410
o7vo13gqmmigh4ae2jvqhte841,0,4,20180519133557
8m94aqlp2iiooptd2uqq4543c6,0,5,20170425134621
5jong3qfhchddsnh9m26cahmm5,0,4,20170404205116
ok3pk2b908r26th7e00srkkh04,0,1,20170403155824
8vn67dfcrn22m89hua4rcfs6d4,0,3,20170303175310
g5eqojgciu16aiu6b9gojk7hq3,0,4,20170228060817
mmk919s6t2925a39913c6ddk81,1,3,20170219170612
fsc2h3fbhm2sh6k5mio16fca47,1,2,20170203053849
549isgoid5pj1nm6qilb89mao0,0,4,20170131234604
8d8fkjig3t73ma2rpavpe9kar1,0,2,20170106212155
iegpd1lh31cdbetm2cbd87t4i4,0,5,20170102040916
7tvlpl7qoqd6o44qi7c64bovd5,0,4,20170101165434
s12ng8pnql9m5u9b6rrepp39i7,0,1,20161230024913
47fspqf8ouvs3o9dknrf498f07,0,2,20161223124931
k0qj3ek0g5kutobmri8kkhm8h1,1,5,20161220163529
5n7m07a1sapl91vklsoa1l3ng6,0,4,20180624030710
dch0h53lja2f4fk7gubvu3p9f0,0,4,20170425170343
i5ig1gvhirr3h9crp3ntt8spk0,0,4,20170306210529
6oa9udb18urmtj8j417mk3rbh5,0,1,20170305192615
iemtl5mcaot0hi89se4brvd9a3,1,5,20170213215655
opfbo6rga1luuf65o3vdiu1qp5,0,4,20170213144506
hktskd40bomia36g9r5o408e66,0,1,20170210193403
vdag0od0lhvg702a51mbhoilu5,0,2,20170204065140
nrakphououqbb1ec53a2s0odd0,0,4,20170107031124
s43paembs0td00932tj3eoft00,1,5,20161230223153
69n3j15k7hqbn6fjnb8vocp6g5,0,5,20161228230836
r03j8pmbiu0f7a10sojmgq7us7,0,4,20170322043132
18494t6kasc696k1qnh6d2vdk7,1,4,20170212173859
eencibjf2npg4969i08mg375g2,0,4,20170212155117
c4i3n32c82qe9nngt9d5rlmfg7,1,4,20170211021335
e0e2v57437bu2ij06jit3qhof6,0,1,20170208170214
dh5qadahm4l2hg9oqgvgq4fvg7,0,4,20170204034042
5uls03f40mvjh4cn33agoh8ip0,0,4,20170107025811
lcqf9b7lkadnc3gmmtfn9fn9g2,0,5,20170105084421
jjacgnukheuhv91ckg0282kip0,1,2,20161222234643
39d1m85scku3qupeujrnskrdt6,0,4,20161220170126
3l2jk2vvb4epl5a9lh17h7v1c4,0,2,20180510061331
1ceelbvae41rhjuvbekvenl176,1,5,20180126021713
00k6987182ra96b011p5m90mp3,1,4,20170425142837
3d92jr98vqhbuknjp1gi9lolu3,0,4,20170320155021
49cnb8g2hhlj2lqqbl540e5k13,1,2,20170308141338
al8a30t8dn1v3nv1bkemr1fv41,0,2,20170225204736
5lf3k452qdtudcrekobf0eah70,1,5,20170213172948
h2bcuth1qrj6hujgfvpod30u40,1,5,20170208203812
sq0tf8r160t0ni3eadmdj48jo4,0,4,20170204020430
asfrio9oj94ojffeg02ij3i3e6,1,5,20170203090119
pr97e09htatof45mv4qm1h2od3,0,3,20170201141232
stri57tgfq3q2j34qist4h5pe1,1,5,20161229231811
qou0mql435q2v4boigd54t9cc2,0,4,20161229001038
b278l5bdlug79vupc9au31i490,0,5,20161226165949
mk96m9u394fg7oiemt5v3q92b5,0,1,20161224201932
v8rvhoskc44d051bcpn6841886,0,5,20180126113617
fvvtgejjmmn4u80qa2tkf5u2e1,0,5,20180126010729
4rplclfokpl93pkipnan753up6,0,4,20180118135514
0br0cbisbq6ul2gvems5cf57t1,0,1,20180118130920
7rjhid9tf38lmf11sndl2loq75,0,4,20170320121531
vnsj5vecodciqcsv124fcar726,1,2,20170307095726
qfgdtpfr8gainhiu0k1mqqvla5,0,5,20170228232133
4p8aid6mvs38fc4dbam6ihm534,0,4,20170220204825
3i9o5cgcqkbt299d4tprrsno44,0,5,20170214010524
27b6it6lji65jmgun3blr8q674,1,4,20170212170438
lj3clfuso34bbqmns67f3brg57,0,2,20170212012426
pk841fr8bbieo7vbtng46aqs51,0,2,20170211180247
b7kmuhqgvr572hv2p0ni4m1g97,0,4,20170211000241
ak1telj238o7o5t46rf3564j50,0,1,20170206163449
o9bftv1qptv0sfbracvn5pdam6,0,4,20170204144307
0tof0hs81c966ubeknb2uudgd3,0,4,20170202171941
pu6f2b1kivm98bkpfp5b3i4871,0,3,20170202153824
uji07708oho5a25r2to6jk0lk6,0,5,20170201150421
1cue3ihs3g0lo23632bdc02p36,1,4,20170102193213
8egrikfocoi67ng1d5e0un1t16,0,4,20170101035823
njuajt8vtinsieotvj9d4ttnf0,0,1,20161223202032
r7jo4si3dme09qsqv83rp6rfp7,0,2,20180619215008
pca5odd3auccetdt8rh7fsc082,0,2,20180510041409
sl6c6ag20un7868hh32tprcnf7,0,1,20180126173120
1f9luhvue7i8kee6k9rtlbgfp4,0,5,20180126005940
krfgpcmqtv55dnb6cl5mqcuqp7,0,4,20170325014603
ntfdl1mu9gfgcji97qffr78ct2,0,4,20170304222153
ojl46bsvv8l9ks4ff8f44eo8v6,0,2,20170227185055
nnvd9s2srfi6i40eirbhojild0,0,1,20170220172017
mrlt0v22gdsmhu68fr557qro23,0,3,20170218193256
7snm62aspg59fpon4s6e1707v3,0,2,20170213233924
sviqol0ndf85084v38e2h0sul0,0,3,20170212211133
rsb593siopesovke92gq4fhi92,0,4,20170211190244
0i65ivd78phkqtrovnesvk0pv5,1,4,20170211171311
s9fqqmloib90aca64jntu1ujc4,0,4,20170210173655
5boing2qksmlklm3u6skorp3b1,0,4,20170204195623
3e5h6f779di1oan6jsi61icur7,0,5,20170204194638
gih525370d1o7i02966mi9r3n6,0,4,20170131124901
c6rv6p4no3mcds8uc22f49vo61,0,5,20170101164650
7pp7n4raqrehggq27fpns820h0,0,1,20180619200222
0ckv4h7ph1h0rdsqcn3h9ihfp0,0,4,20180126135552
a8mob8o6viau742ilivoratje3,1,4,20180126135404
01m2df1gmbmnedaov3k9p9j7a7,0,5,20180126061326
6usve30jaj097319v8fkdaieh6,0,2,20180119005710
ktd7c5irqm3dtsilm9h7n0q1n3,1,2,20180118134332
prlp1nsd1b3t3rfjof9rkpmpk0,0,2,20170315193146
j3boja9dg25gbm4g4uksfp0l02,0,1,20170312081224
ve6nc8t835ktctrpcuu00l9d00,0,5,20170302111231
jfghevhkllosu4f6esncg38mu3,1,5,20170211023555
nhvsd58bu68hpbrafvmapdekd2,0,4,20170203022509
70okdgtk4oti4m16tt767023e5,0,5,20170131143046
49js6rth0o1tep0mrieedk1234,0,4,20161231031259
f9438l13jpad1h4tendelftjl6,1,5,20161230195445
0l5kp5iedfj7k6q3c4ll6npi72,0,4,20161221142051
l042tabnq23hoc01t2duofck87,1,3,20180126133849
1uongjfqdkd9jsbftcq326ot74,0,2,20180118233405
rgc8gehlve7at3q307lo98bmt1,0,4,20180118114107
73kf1dof9s1g96espjbu7ms0g4,1,4,20170318120906
mecsd9gl921me07ue90rcoced3,0,4,20170308004925
pd2ecman0qcdtd9hfql9nufjd1,1,4,20170303141015
6070rjev7fhr7vvt894pifauh5,0,4,20170212012913
t35uqfba4lfm2lffuq7p1g16k0,0,5,20170210193537
jsm94pt9ebil5umn6uukulk717,0,1,20170210002236
lbn8v9gb1qh4u656vpj0m0gn94,0,2,20170131164100
ien38ductfbnl7ht2fiubu8nv6,1,4,20170131155230
pc66u1gru691difcqr07ecmdm2,0,5,20161225172043
vrbdoeelrgu3vu51aqbo6k2m96,0,5,20161222194214
spu4aec3okned4p0co8uhs7na2,1,4,20161220163423
df48ljcgggcfl768cbhjsbch72,1,1,20180126160854
tcdccnseulj22jell92nv0d266,1,5,20180126153753
9o9fs25sggudf3ovb3vquc6l65,1,5,20170218195756
mvgsbahpokcfbsf2bolna1a1c0,0,4,20170213164554
n3602r560m0qdqjqaq3sreqe10,0,5,20170107022643
u1gcaf69gbek0lltr8kufebjp6,1,4,20170101191218
q5f6jfs99g8p04p2goqk7jp8l3,0,4,20161222201536
htv23vdnuqr563r8traurifb76,1,2,20180509172602
kshgtb5lfa2hbjdj071h5ud0r4,1,4,20180118155639
vlhogt4ahlm2pugnou3aca68m4,1,3,20180118133039
edfianvl6a5b49leaiojfp7hk5,0,5,20170425184744
aljqu8p52ovlrskveh4ct8dc10,0,5,20170313094808
k0e1ss3hiueo9frdhsk3t35rh5,0,2,20170307223024
bi2v64eukqs2o27tb3ja847je7,1,5,20170302113600
v4mqedqte3399dsrocbeqkckm3,0,4,20170213185534
6plngtrog8j64s2bo93qpcbl17,1,5,20170213155259
3u95pjcfnshuu7av1qsc9sbo22,0,3,20170212165012
evaqm3pam3bdna6f91ihpfeem2,1,5,20170212010344
163mo7vq8ltjmmhp6vhlcoatl2,1,5,20170206003229
2lbp6a1j581mdlmm9n2t3nnf06,0,4,20170201195437
c6a21ddv7p7lrr5kj9tr5l3re6,0,3,20170131143012
volb58a5a0ihs1kvisqo6lrqa0,0,5,20170131142941
19r6ug7k40nf3ki1voj7l9lhk3,0,4,20170103001454
dj9rdaguumeg900gulbkho5104,0,4,20161231052647
ps3enndgscehk94mo70s2u2k32,0,5,20180624234504
4i3qptrhogu940onfq4v43jq01,0,2,20170309133855
j2o9llvsvr76al9qi7jn08qle7,0,2,20170224185509
m7ohkjv7m0irnbob6bpphnrpm1,0,4,20170218060707
pacaisdpiot4ql67to8vtvdg94,0,4,20170217193210
vmo5icab8hi5u0ul9kcofcslu5,1,4,20170212203719
tuuuscsrqt134opr4ujjicmtv0,1,5,20170210174335
653murmlq9bb521mcpap6e4eu7,0,2,20170206190742
hl46mhqkj378912p4qtmdolk05,0,4,20170204140508
ek6v9kf00nk9koe7mlopnureg5,1,2,20170201084745
gn7a1he0dqv801646otqoqnl81,0,1,20170103025919
aqaddp04942kd5v8qp70iuci80,1,4,20170102023436
ee9d37auhcdgid74kfi0koht92,0,1,20161223071620
b4ukbiokfuh3s1o2vup7jpoi43,0,2,20180624203511
s5jp7iqs93c96gp6dutu31lk65,0,2,20180620222805
iecrkke1fau0uv9c13bm2nbme6,0,2,20180516234316
ik6lp555bohb9946n2c1091mp4,0,3,20180126154116
126jdc1ehseqcbrkdkirk694j6,0,3,20180126152919
n8b41aj9sg2stjodma96vducl1,1,4,20170425172821
6krgn2nbi9vtmok944egsddoh3,0,1,20170313010919
0qtd85dvufcsvas4dpvqksat35,0,1,20170309054846
9287lk9ae9ft8mb9vvon1gdin4,0,5,20170225210823
e9t5q5615qc1liomoattonh605,1,5,20170210183209
4uapeom7geiqu9s13f38l9v1m0,0,5,20170208090120
f913348h150210johej5a7uvj0,0,4,20170107022923
bah3dnkos43a2j6li829mpn3f2,0,5,20170102063958
mfvq2lg60h2gepbe05opj2a5r7,0,2,20161229182214
vcgq3ormb19drdbpmjc4mf3j65,0,5,20161226053057
bmomauth51alf7vtua0l2fpcg6,0,5,20161222223312
qdkkg1sp63g5a0b982sa83huc1,0,5,20161222080624
ufbqtb5662c7rd5003jrs3gia6,0,1,20180126035610
v17qmqdn8iphp0e4jf4oatlpa0,1,5,20170407105122
r5dab2doa0cloq3ist7ukel453,0,5,20170401213504
s0he9l2vjrgur16roqb2escje6,0,5,20170322013655
rkb61qai1tt53ueuptkdsc44u3,0,5,20170313210934
ulm5g7mp6o3b64061n5fev2uf4,1,5,20170302021910
39a77ucttcn29nou8ouajgi7g0,0,4,20170301183210
qq881k05do4tl2rd22rmt9ev30,0,2,20170223170845
0domkgih5hfo7pt66kg2ossk44,1,1,20170217100132
gs68snlt7qupgnbgg331oamg11,0,1,20170207210856
7m6vqvjcjkb09t3nifscmmq0s6,1,4,20170206232304
rhg8elvfqvucf6om4j1fta8a84,1,3,20170203083846
gme46q5l4hrvimi2iuha5mgup7,0,5,20170107025705
p333s8dovhaaerelfu91a486b5,0,5,20170103025752
uf8v4eheqleeimaduih5pk17t5,0,4,20170102210459
0ghq02qks9aqbub6ch76a31cq6,0,5,20161227185428
k8l8d11ir80e9a29mqvdualg07,0,2,20161225080916
8vrg9lkenn7gs3dv7asbseemp5,0,5,20161223130540
luij81m1ced6fjjkifo2kd5qv5,0,4,20161222070840
jpagubonpjh5nlhuk8pnsuk5t4,0,4,20180516212210
qbq8n9j9gsjg6lpj8etqgf3re5,1,4,20180126050821
4ig7kd7kmcqc0r3k2iot74c6s6,1,5,20170402050446
glgequfao70i89e6iivb0gkvs7,0,4,20170308210740
eipisal301q8lic52kavf94l36,0,2,20170307031221
nspavg5mp0122im5f676v5tbo7,1,4,20170225134039
sfhqnrb2f7f51t499s7oq12od4,0,4,20170214010156
o91ihq4br1fpuhho6j3kqe6fh3,1,5,20170210173636
2jbfmshmhsji4smrgph018k410,0,2,20170203232414
p1tt6ehhpcihelra9j558acgv7,0,4,20170131193748
tl1hfafsot8s5qud19bkij68f7,0,2,20170106152837
lvmrfennsqgn49ndepfnl68ok4,0,4,20170102171535
bsqgffkob06hgsb6r0csjk4gv6,0,4,20161227191740
